problem_id,ordinary_variables,ordinary_linear,ordinary_quadratic,ordinary_general,ordinary_sos,ordinary_total,ordinary_selected_source_sha256,ordinary_input_sha256,ordinary_basis,expert_variables,expert_linear,expert_quadratic,expert_general,expert_sos,expert_total,expert_selected_source_sha256,expert_input_sha256,expert_basis
T01_001,87210,3333021,0,115260,0,3448281,de60c1f9c0e89f59635826dfb5e7e3cf0499eeafd3f48bf07bf4c2b91ff80ef1,1895fe585536906bbe80afd2fe7c26b1be1ad9e8eefe4a72428fca40edeb871b,audited_single_model_record_and_source_recovery,87210,115261,0,115260,0,230521,745f47280bcadac5aa94885b23656dfa7b2697f5ef19ae1973d2cb479fffe78e,1895fe585536906bbe80afd2fe7c26b1be1ad9e8eefe4a72428fca40edeb871b,audited_single_model_record_and_source_recovery
T01_002,310,822,0,290,0,1112,de60c1f9c0e89f59635826dfb5e7e3cf0499eeafd3f48bf07bf4c2b91ff80ef1,6704a22109a5789593a0aa7dd02e431f63be78b3332535386e2510dfb9477549,audited_single_model_record_and_source_recovery,310,162,0,290,0,452,745f47280bcadac5aa94885b23656dfa7b2697f5ef19ae1973d2cb479fffe78e,6704a22109a5789593a0aa7dd02e431f63be78b3332535386e2510dfb9477549,audited_single_model_record_and_source_recovery
T01_003,310,382,0,22,0,404,3e5697abcf5d69f60bc176a6c37777bae111a868d764f8b452a53bc7f9a4fc72,152b39ab7f10ed08059bbc047b900e0d9b1bd21ea7f84e7b1c54d5cfc00491cb,audited_single_model_record_and_source_recovery,310,382,0,22,0,404,9de49f416cd6ffa7ff6b278ba5c9486cfd17c04155583c793ee8edea4329c071,152b39ab7f10ed08059bbc047b900e0d9b1bd21ea7f84e7b1c54d5cfc00491cb,audited_single_model_record_and_source_recovery
T01_004,100000,50054,0,0,0,50054,d4de3ceca165a260963069a8791eba2b74543a0f901a0d947e62760a97b976b4,76894f9087161e55c819b931ae8c85ab72f95687e9fc6a32fa41720e43aa902f,audited_single_model_record_and_source_recovery,50000,54,0,0,0,54,23bfea1752176e7dc96250c200835a5f88a0728e5681ea5bb1b523fc5d26a27a,76894f9087161e55c819b931ae8c85ab72f95687e9fc6a32fa41720e43aa902f,audited_single_model_record_and_source_recovery
T01_005,102000,51054,0,0,0,51054,d4de3ceca165a260963069a8791eba2b74543a0f901a0d947e62760a97b976b4,2a0a27877f590b130065c944c09fb5835a06ce7b93f8b4d82b029ab88d2cd805,audited_single_model_record_and_source_recovery,51000,54,0,0,0,54,23bfea1752176e7dc96250c200835a5f88a0728e5681ea5bb1b523fc5d26a27a,2a0a27877f590b130065c944c09fb5835a06ce7b93f8b4d82b029ab88d2cd805,audited_single_model_record_and_source_recovery
T01_006,104000,52054,0,0,0,52054,d4de3ceca165a260963069a8791eba2b74543a0f901a0d947e62760a97b976b4,8bad166a9d9aa5992206fb1929533c2d547630358fa23e82d27f828e9823e1ba,audited_single_model_record_and_source_recovery,52000,54,0,0,0,54,23bfea1752176e7dc96250c200835a5f88a0728e5681ea5bb1b523fc5d26a27a,8bad166a9d9aa5992206fb1929533c2d547630358fa23e82d27f828e9823e1ba,audited_single_model_record_and_source_recovery
T01_007,106000,53054,0,0,0,53054,d4de3ceca165a260963069a8791eba2b74543a0f901a0d947e62760a97b976b4,bef597477e8ffa85b629cc9c6bf0c7298b8a64b780b7acc1c00194451229aaa1,audited_single_model_record_and_source_recovery,53000,54,0,0,0,54,23bfea1752176e7dc96250c200835a5f88a0728e5681ea5bb1b523fc5d26a27a,bef597477e8ffa85b629cc9c6bf0c7298b8a64b780b7acc1c00194451229aaa1,audited_single_model_record_and_source_recovery
T01_008,108000,54054,0,0,0,54054,d4de3ceca165a260963069a8791eba2b74543a0f901a0d947e62760a97b976b4,ced99dd7b1ec96186fc700fa75e179023aff5dcb735d84ecb2b9051015c5a4dc,audited_single_model_record_and_source_recovery,54000,54,0,0,0,54,23bfea1752176e7dc96250c200835a5f88a0728e5681ea5bb1b523fc5d26a27a,ced99dd7b1ec96186fc700fa75e179023aff5dcb735d84ecb2b9051015c5a4dc,audited_single_model_record_and_source_recovery
T01_009,110000,55054,0,0,0,55054,d4de3ceca165a260963069a8791eba2b74543a0f901a0d947e62760a97b976b4,459018c3926e39edb18a8c5d8b8d24e6c32f1a958c2027fedf6beebbef206eaa,audited_single_model_record_and_source_recovery,55000,54,0,0,0,54,23bfea1752176e7dc96250c200835a5f88a0728e5681ea5bb1b523fc5d26a27a,459018c3926e39edb18a8c5d8b8d24e6c32f1a958c2027fedf6beebbef206eaa,audited_single_model_record_and_source_recovery
T01_010,112000,56054,0,0,0,56054,d4de3ceca165a260963069a8791eba2b74543a0f901a0d947e62760a97b976b4,494f0d2afe270ce6141f06671e74ae2c5c52583dfe50618f2282acf55781431e,audited_single_model_record_and_source_recovery,56000,54,0,0,0,54,23bfea1752176e7dc96250c200835a5f88a0728e5681ea5bb1b523fc5d26a27a,494f0d2afe270ce6141f06671e74ae2c5c52583dfe50618f2282acf55781431e,audited_single_model_record_and_source_recovery
T01_011,114000,57054,0,0,0,57054,d4de3ceca165a260963069a8791eba2b74543a0f901a0d947e62760a97b976b4,1882d12c2d76daba85a84e93c61ffe053508ccd72180bbb11c9f46c07055d476,audited_single_model_record_and_source_recovery,57000,54,0,0,0,54,23bfea1752176e7dc96250c200835a5f88a0728e5681ea5bb1b523fc5d26a27a,1882d12c2d76daba85a84e93c61ffe053508ccd72180bbb11c9f46c07055d476,audited_single_model_record_and_source_recovery
T01_012,116000,58054,0,0,0,58054,d4de3ceca165a260963069a8791eba2b74543a0f901a0d947e62760a97b976b4,89d8afe8be59e7c40b3006dfea66d8db12ce48ca4d9f926cab2c2bf489a57ea5,audited_single_model_record_and_source_recovery,58000,54,0,0,0,54,23bfea1752176e7dc96250c200835a5f88a0728e5681ea5bb1b523fc5d26a27a,89d8afe8be59e7c40b3006dfea66d8db12ce48ca4d9f926cab2c2bf489a57ea5,audited_single_model_record_and_source_recovery
T01_013,118000,59054,0,0,0,59054,d4de3ceca165a260963069a8791eba2b74543a0f901a0d947e62760a97b976b4,dd53b9f65596c88ac753caff91aaf268704bfe3ab50e0d51e6092e96911376c7,audited_single_model_record_and_source_recovery,59000,54,0,0,0,54,23bfea1752176e7dc96250c200835a5f88a0728e5681ea5bb1b523fc5d26a27a,dd53b9f65596c88ac753caff91aaf268704bfe3ab50e0d51e6092e96911376c7,audited_single_model_record_and_source_recovery
T01_014,1993,14108,0,0,0,14108,9596923bdac6e83f3135e097baf0f91718e0b973e008cd4b15130a650744e1fe,99a950a46c6d28a4ceeadf92f8e2f09a3cb1bcee3f5cca2313be9396fbc6a0b6,audited_single_model_record_and_source_recovery,1993,13448,0,0,0,13448,2cc167153dcb7e758d212d5c0a7580d48153c71d94155565efa6c6c351d013de,99a950a46c6d28a4ceeadf92f8e2f09a3cb1bcee3f5cca2313be9396fbc6a0b6,audited_single_model_record_and_source_recovery
T01_015,92400,3634051,0,122150,0,3756201,de60c1f9c0e89f59635826dfb5e7e3cf0499eeafd3f48bf07bf4c2b91ff80ef1,03320e1f37ea385e9c79e822647897261c80a64c621ea997b19581c664913421,audited_single_model_record_and_source_recovery,92400,122151,0,122150,0,244301,745f47280bcadac5aa94885b23656dfa7b2697f5ef19ae1973d2cb479fffe78e,03320e1f37ea385e9c79e822647897261c80a64c621ea997b19581c664913421,audited_single_model_record_and_source_recovery
T01_016,2054,15367,0,0,0,15367,9596923bdac6e83f3135e097baf0f91718e0b973e008cd4b15130a650744e1fe,7b115a7df1e97ef16901e05a2ef3a22bde9e264e7819fd7114ea01682dfa7b5f,audited_single_model_record_and_source_recovery,2054,14707,0,0,0,14707,2cc167153dcb7e758d212d5c0a7580d48153c71d94155565efa6c6c351d013de,7b115a7df1e97ef16901e05a2ef3a22bde9e264e7819fd7114ea01682dfa7b5f,audited_single_model_record_and_source_recovery
T01_017,2054,15367,0,0,0,15367,9596923bdac6e83f3135e097baf0f91718e0b973e008cd4b15130a650744e1fe,0cb530c1dfa34192dd5107557c726079011c715c9cec294603ef4ce4c8e0818f,audited_single_model_record_and_source_recovery,2054,14707,0,0,0,14707,2cc167153dcb7e758d212d5c0a7580d48153c71d94155565efa6c6c351d013de,0cb530c1dfa34192dd5107557c726079011c715c9cec294603ef4ce4c8e0818f,audited_single_model_record_and_source_recovery
T01_018,1993,14108,0,0,0,14108,9596923bdac6e83f3135e097baf0f91718e0b973e008cd4b15130a650744e1fe,fb984cc6584327abe1a44918b1b426f2568627db970f94dfc84de6f1704aef22,audited_single_model_record_and_source_recovery,1993,13448,0,0,0,13448,2cc167153dcb7e758d212d5c0a7580d48153c71d94155565efa6c6c351d013de,fb984cc6584327abe1a44918b1b426f2568627db970f94dfc84de6f1704aef22,audited_single_model_record_and_source_recovery
T01_019,2054,14653,0,0,0,14653,9596923bdac6e83f3135e097baf0f91718e0b973e008cd4b15130a650744e1fe,32f15cd9af22e1876f1427d5e4ca64db1d2f743cfe772e648bae972a8db34691,audited_single_model_record_and_source_recovery,2054,13993,0,0,0,13993,2cc167153dcb7e758d212d5c0a7580d48153c71d94155565efa6c6c351d013de,32f15cd9af22e1876f1427d5e4ca64db1d2f743cfe772e648bae972a8db34691,audited_single_model_record_and_source_recovery
T01_020,1993,14108,0,0,0,14108,9596923bdac6e83f3135e097baf0f91718e0b973e008cd4b15130a650744e1fe,3d7a1cd37f042ba4652b4cd9f0654ccf0c8f0a62e0168f192bfff8d7f067a2eb,audited_single_model_record_and_source_recovery,1993,13448,0,0,0,13448,2cc167153dcb7e758d212d5c0a7580d48153c71d94155565efa6c6c351d013de,3d7a1cd37f042ba4652b4cd9f0654ccf0c8f0a62e0168f192bfff8d7f067a2eb,audited_single_model_record_and_source_recovery
T01_021,2068,15537,0,0,0,15537,9596923bdac6e83f3135e097baf0f91718e0b973e008cd4b15130a650744e1fe,3883f1d88c8ba26c70b06006f78842243bdb6183261c3b66ff8754781f88d771,audited_single_model_record_and_source_recovery,2068,14876,0,0,0,14876,2cc167153dcb7e758d212d5c0a7580d48153c71d94155565efa6c6c351d013de,3883f1d88c8ba26c70b06006f78842243bdb6183261c3b66ff8754781f88d771,audited_single_model_record_and_source_recovery
T01_022,2124,17085,0,0,0,17085,9596923bdac6e83f3135e097baf0f91718e0b973e008cd4b15130a650744e1fe,d4412b6d303764da10adbedba0830e1715171caedce0421bc71bc3440534e5ad,audited_single_model_record_and_source_recovery,2124,16420,0,0,0,16420,2cc167153dcb7e758d212d5c0a7580d48153c71d94155565efa6c6c351d013de,d4412b6d303764da10adbedba0830e1715171caedce0421bc71bc3440534e5ad,audited_single_model_record_and_source_recovery
T01_023,120000,60054,0,0,0,60054,d4de3ceca165a260963069a8791eba2b74543a0f901a0d947e62760a97b976b4,d362b688d02badc267c2f856ef67556b2f3226d3b31762cb8488a8c65402aebd,audited_single_model_record_and_source_recovery,60000,54,0,0,0,54,23bfea1752176e7dc96250c200835a5f88a0728e5681ea5bb1b523fc5d26a27a,d362b688d02badc267c2f856ef67556b2f3226d3b31762cb8488a8c65402aebd,audited_single_model_record_and_source_recovery
T01_024,120000,60054,0,0,0,60054,d4de3ceca165a260963069a8791eba2b74543a0f901a0d947e62760a97b976b4,b983753547c3440f72f73f20961189767f72dabbd8054f027f8d06713fdf7fbf,audited_single_model_record_and_source_recovery,60000,54,0,0,0,54,23bfea1752176e7dc96250c200835a5f88a0728e5681ea5bb1b523fc5d26a27a,b983753547c3440f72f73f20961189767f72dabbd8054f027f8d06713fdf7fbf,audited_single_model_record_and_source_recovery
T01_025,124000,62054,0,0,0,62054,d4de3ceca165a260963069a8791eba2b74543a0f901a0d947e62760a97b976b4,cd3a7f464f16aa23b96f234b435aeb7fb0dd4453d12885cf23b396a12e0078d3,audited_single_model_record_and_source_recovery,62000,54,0,0,0,54,23bfea1752176e7dc96250c200835a5f88a0728e5681ea5bb1b523fc5d26a27a,cd3a7f464f16aa23b96f234b435aeb7fb0dd4453d12885cf23b396a12e0078d3,audited_single_model_record_and_source_recovery
T01_026,126000,63054,0,0,0,63054,d4de3ceca165a260963069a8791eba2b74543a0f901a0d947e62760a97b976b4,b4431167e9bdbbd99a2778bd1cbbd779c3a859800768ffda42008a266963bd17,audited_single_model_record_and_source_recovery,63000,54,0,0,0,54,23bfea1752176e7dc96250c200835a5f88a0728e5681ea5bb1b523fc5d26a27a,b4431167e9bdbbd99a2778bd1cbbd779c3a859800768ffda42008a266963bd17,audited_single_model_record_and_source_recovery
T01_027,128000,64054,0,0,0,64054,d4de3ceca165a260963069a8791eba2b74543a0f901a0d947e62760a97b976b4,e5299504130493e006b2331eb4e5ba708c899ae5fbb83ab3b28fb86cb6d545dc,audited_single_model_record_and_source_recovery,64000,54,0,0,0,54,23bfea1752176e7dc96250c200835a5f88a0728e5681ea5bb1b523fc5d26a27a,e5299504130493e006b2331eb4e5ba708c899ae5fbb83ab3b28fb86cb6d545dc,audited_single_model_record_and_source_recovery
T01_028,130000,65054,0,0,0,65054,d4de3ceca165a260963069a8791eba2b74543a0f901a0d947e62760a97b976b4,3cef2076d98a7e0e957ce43e47c0da638d15d0d590feeb005acbf7af937139c1,audited_single_model_record_and_source_recovery,65000,54,0,0,0,54,23bfea1752176e7dc96250c200835a5f88a0728e5681ea5bb1b523fc5d26a27a,3cef2076d98a7e0e957ce43e47c0da638d15d0d590feeb005acbf7af937139c1,audited_single_model_record_and_source_recovery
T01_029,132000,66054,0,0,0,66054,d4de3ceca165a260963069a8791eba2b74543a0f901a0d947e62760a97b976b4,8b97871de4b7f92205c75765d224dd0d3cdb0454a8dd05d5defd0ab494f7b725,audited_single_model_record_and_source_recovery,66000,54,0,0,0,54,23bfea1752176e7dc96250c200835a5f88a0728e5681ea5bb1b523fc5d26a27a,8b97871de4b7f92205c75765d224dd0d3cdb0454a8dd05d5defd0ab494f7b725,audited_single_model_record_and_source_recovery
T01_030,134000,67054,0,0,0,67054,d4de3ceca165a260963069a8791eba2b74543a0f901a0d947e62760a97b976b4,aa3e77034eaba721b44914fa35cbbe705fd0500ca7568806711e1ae3e8080cef,audited_single_model_record_and_source_recovery,67000,54,0,0,0,54,23bfea1752176e7dc96250c200835a5f88a0728e5681ea5bb1b523fc5d26a27a,aa3e77034eaba721b44914fa35cbbe705fd0500ca7568806711e1ae3e8080cef,audited_single_model_record_and_source_recovery
T01_031,136000,68054,0,0,0,68054,d4de3ceca165a260963069a8791eba2b74543a0f901a0d947e62760a97b976b4,9fc7ac05148a08e1e21ebe6197f48f3efb9e8570eb9212fd9f524a60a6c5c77b,audited_single_model_record_and_source_recovery,68000,54,0,0,0,54,23bfea1752176e7dc96250c200835a5f88a0728e5681ea5bb1b523fc5d26a27a,9fc7ac05148a08e1e21ebe6197f48f3efb9e8570eb9212fd9f524a60a6c5c77b,audited_single_model_record_and_source_recovery
T01_032,138000,69054,0,0,0,69054,d4de3ceca165a260963069a8791eba2b74543a0f901a0d947e62760a97b976b4,8b1d37921368669c42c54803e0716a6bf04547c67a0d5482d9ca8f4a1ff66ca4,audited_single_model_record_and_source_recovery,69000,54,0,0,0,54,23bfea1752176e7dc96250c200835a5f88a0728e5681ea5bb1b523fc5d26a27a,8b1d37921368669c42c54803e0716a6bf04547c67a0d5482d9ca8f4a1ff66ca4,audited_single_model_record_and_source_recovery
T02_001,108003,54004,0,27001,0,81005,73a4461b9636f8cdd1b7322c62b7a43484f250b77f38abb172e8e712923d06d6,5b43fd1fc1fb48af563b5f6c28e08e7a09662e7801fbb0f16edce3445a0afdbf,audited_single_model_record_and_source_recovery,81003,108004,0,0,0,108004,2ba02d331e2c2ab87b1db7235a3ae836f9f63c0f32d8db4190bc112f5b56e571,5b43fd1fc1fb48af563b5f6c28e08e7a09662e7801fbb0f16edce3445a0afdbf,audited_single_model_record_and_source_recovery
T02_002,108003,54004,0,27001,0,81005,3688906c96beacdb53461d2b5883719f5dbc0a6bebcccd190251e8a0a9ca9b66,4c934caafffea51117ddff9d1202ded7687e4c590b2a962fac499324a8a3a690,audited_single_model_record_and_source_recovery,81003,108004,0,0,0,108004,d9b1b830bc30fafaf60776bf61b55416148b4ee06054c170d15a8500a19886d3,4c934caafffea51117ddff9d1202ded7687e4c590b2a962fac499324a8a3a690,audited_single_model_record_and_source_recovery
T02_003,900061,2700000,0,0,0,2700000,4ceeb0d73ed63a1c8090f6182df4b1310c26a01af55d5e11219f8ba0307138a7,253cd354f2029867938a903ee149a8d6f3b2f812ef1ddd3b5c3b7d38f09ef05c,audited_single_model_record_and_source_recovery,61,1800000,0,0,0,1800000,9568c6767dd75dde91caa1af5c5eb7efc8f56124bfac2808006344c95057be5f,253cd354f2029867938a903ee149a8d6f3b2f812ef1ddd3b5c3b7d38f09ef05c,audited_single_model_record_and_source_recovery
T02_004,300003,900000,0,0,0,900000,906c60a7574fbf61358679f8428ad52dfca2b04fd9fdd01a47e252c4c02089f5,8bf634d9b43a4fb1926437a62a8ddbeba5d0e87a85c520eada641c05dc87b0cb,audited_single_model_record_and_source_recovery,3,600000,0,0,0,600000,27e7da4a0e73fcec4a2fdaa88fd433db40e0ec4c222cc707384439d7806a15e9,8bf634d9b43a4fb1926437a62a8ddbeba5d0e87a85c520eada641c05dc87b0cb,audited_single_model_record_and_source_recovery
T02_005,2860,1040,0,0,0,1040,5145af47768a885fe79898c37c9dccc5bd2114487fd1929cad6940560e5c7bea,e42da222868801a93c49402ad97bd749bf4d9cf1f867c115e1db74fe91dbb93f,audited_single_model_record_and_source_recovery,2680,680,0,0,0,680,091edf6fb70836faea1b5d0157a481644706b5eee8bd04357650276cb6eb152f,e42da222868801a93c49402ad97bd749bf4d9cf1f867c115e1db74fe91dbb93f,audited_single_model_record_and_source_recovery
T02_006,48003,24004,0,12001,0,36005,dc44357df018486e209a77ecbb1ea95fb9d17743d24346bcf1d92c972a4be9bc,aa238dc0295bc2fb68807e398d5eec3b7b95f214da551ad717697bed8455f401,audited_single_model_record_and_source_recovery,36003,48004,0,0,0,48004,2a47b1f1d9e6a67f0692e775240e47a1a44a3aa8ac0096682d490bdc06bdcc4d,aa238dc0295bc2fb68807e398d5eec3b7b95f214da551ad717697bed8455f401,audited_single_model_record_and_source_recovery
T02_008,74003,37004,0,18501,0,55505,dc44357df018486e209a77ecbb1ea95fb9d17743d24346bcf1d92c972a4be9bc,5e170621771044a1d858b610b7dc7b45d9a3a1aa83d1880a6526be2238841478,audited_single_model_record_and_source_recovery,55503,74004,0,0,0,74004,2a47b1f1d9e6a67f0692e775240e47a1a44a3aa8ac0096682d490bdc06bdcc4d,5e170621771044a1d858b610b7dc7b45d9a3a1aa83d1880a6526be2238841478,audited_single_model_record_and_source_recovery
T02_009,27050,204050,0,0,0,204050,9e4ecfc776fc060379337e6571bdfefddfa9bac73aae2fc9813ee1ed147d3c89,0527bb60e2cf1cdbed697ca2839e71b93d9ddc0023b55d995655ff35bfc8dfbb,audited_single_model_record_and_source_recovery,12050,189050,0,0,0,189050,e3297d8a941b50883950fb704e6f17b4684d00c5aee60639389aca96a0969bfc,0527bb60e2cf1cdbed697ca2839e71b93d9ddc0023b55d995655ff35bfc8dfbb,audited_single_model_record_and_source_recovery
T02_010,57050,204050,0,0,0,204050,4f781d38bc0806e6511afbd3375fb6af416e7c28e048059e51c5b6de8a790ed5,f8ebe346ff17b7a9f9f93527b050ecfff31874e512622c2aa9609190baddda89,audited_single_model_record_and_source_recovery,12050,47930,0,0,0,47930,f23487ac23b8e60fca1009387e8f269c93cae6031cd69cbec4ccf14231eb7159,f8ebe346ff17b7a9f9f93527b050ecfff31874e512622c2aa9609190baddda89,audited_single_model_record_and_source_recovery
T02_011,2860,1040,0,0,0,1040,b92ad13f727e81fc0022d02cb7c436cce91a0b6fd9ccf608629ed8bca64778b6,a1075a8d3a59b94fc517e3ec2a9c48842e16dbe874da9e7b2caec50214ee327c,audited_single_model_record_and_source_recovery,2680,680,0,0,0,680,eb7b72584ade5a66155384578993bb66465c941c93f7c184e6bbb7002900313b,a1075a8d3a59b94fc517e3ec2a9c48842e16dbe874da9e7b2caec50214ee327c,audited_single_model_record_and_source_recovery
T02_012,66060,50910,0,24060,0,74970,995345790553bd3071b83342b21a059daaa5fcc36afb01642c335043058b98b4,2f6a85d19c4f5571326d83371e9d2c8d6eb9429a2740a8146b30304f6b2f065a,audited_single_model_record_and_source_recovery,18060,74910,0,0,0,74910,0e1aaebc664d58bd0f4cdc2c77167c6b2aa56a56439d50a3e22453e7e6501afa,2f6a85d19c4f5571326d83371e9d2c8d6eb9429a2740a8146b30304f6b2f065a,audited_single_model_record_and_source_recovery
T02_013,64003,32004,0,16001,0,48005,dc44357df018486e209a77ecbb1ea95fb9d17743d24346bcf1d92c972a4be9bc,6649c2c1e2b62900992c4decde9fb188db2930333482fc9e96f3b7e41a8e4a79,audited_single_model_record_and_source_recovery,48003,64004,0,0,0,64004,2a47b1f1d9e6a67f0692e775240e47a1a44a3aa8ac0096682d490bdc06bdcc4d,6649c2c1e2b62900992c4decde9fb188db2930333482fc9e96f3b7e41a8e4a79,audited_single_model_record_and_source_recovery
T02_014,84003,42004,0,21001,0,63005,dc44357df018486e209a77ecbb1ea95fb9d17743d24346bcf1d92c972a4be9bc,bd3755947e64cde72c84aff535e5b32a02d01034fe5aed5c9420dda2cfe6639c,audited_single_model_record_and_source_recovery,63003,84004,0,0,0,84004,2a47b1f1d9e6a67f0692e775240e47a1a44a3aa8ac0096682d490bdc06bdcc4d,bd3755947e64cde72c84aff535e5b32a02d01034fe5aed5c9420dda2cfe6639c,audited_single_model_record_and_source_recovery
T02_015,64003,32004,0,16001,0,48005,dc44357df018486e209a77ecbb1ea95fb9d17743d24346bcf1d92c972a4be9bc,7322d739a04fb86a981cff95aa065e762402b257948874e175f148afc56cb78f,audited_single_model_record_and_source_recovery,48003,64004,0,0,0,64004,2a47b1f1d9e6a67f0692e775240e47a1a44a3aa8ac0096682d490bdc06bdcc4d,7322d739a04fb86a981cff95aa065e762402b257948874e175f148afc56cb78f,audited_single_model_record_and_source_recovery
T02_016,96003,48004,0,24001,0,72005,dc44357df018486e209a77ecbb1ea95fb9d17743d24346bcf1d92c972a4be9bc,5b568e78b2b7ec7966f8d67967f386dfed4dbdc5b05170cc229bbe91e8dcdf36,audited_single_model_record_and_source_recovery,72003,96004,0,0,0,96004,2a47b1f1d9e6a67f0692e775240e47a1a44a3aa8ac0096682d490bdc06bdcc4d,5b568e78b2b7ec7966f8d67967f386dfed4dbdc5b05170cc229bbe91e8dcdf36,audited_single_model_record_and_source_recovery
T03_001,2400,9576,0,0,0,9576,d3c4acc2475ce5cf4a1e71f19155caac80756e7445eb30b6ba0b880908a2bfef,63df56596890835196a6339a0d270b387d0d5ad85898c7ed59b6fa6b68415eb5,audited_single_model_record_and_source_recovery,2400,9576,0,0,0,9576,6ac9190d35b0dbd44d811be42a05ee00bce93ed915fdbbded6e977e495eec41d,63df56596890835196a6339a0d270b387d0d5ad85898c7ed59b6fa6b68415eb5,audited_single_model_record_and_source_recovery
T03_002,2400,9576,0,0,0,9576,d3c4acc2475ce5cf4a1e71f19155caac80756e7445eb30b6ba0b880908a2bfef,27513c9a69b713f21a6654d8e98afc4aaccaea887309d8a7084f282df6b91809,audited_single_model_record_and_source_recovery,2400,9576,0,0,0,9576,6ac9190d35b0dbd44d811be42a05ee00bce93ed915fdbbded6e977e495eec41d,27513c9a69b713f21a6654d8e98afc4aaccaea887309d8a7084f282df6b91809,audited_single_model_record_and_source_recovery
T03_003,2412,9697,0,0,0,9697,d3c4acc2475ce5cf4a1e71f19155caac80756e7445eb30b6ba0b880908a2bfef,1e2cf5f0f442a3b5870886a6620daa41a15d27a0358f124f2cd2a7a4e59e3176,audited_single_model_record_and_source_recovery,2412,9697,0,0,0,9697,6ac9190d35b0dbd44d811be42a05ee00bce93ed915fdbbded6e977e495eec41d,1e2cf5f0f442a3b5870886a6620daa41a15d27a0358f124f2cd2a7a4e59e3176,audited_single_model_record_and_source_recovery
T03_004,2412,9997,0,0,0,9997,d3c4acc2475ce5cf4a1e71f19155caac80756e7445eb30b6ba0b880908a2bfef,c22b61249c280a44603b571619ca17c65daee309b7247a7d4d69b27f9d4db454,audited_single_model_record_and_source_recovery,2412,9997,0,0,0,9997,6ac9190d35b0dbd44d811be42a05ee00bce93ed915fdbbded6e977e495eec41d,c22b61249c280a44603b571619ca17c65daee309b7247a7d4d69b27f9d4db454,audited_single_model_record_and_source_recovery
T03_005,2412,9997,0,0,0,9997,d3c4acc2475ce5cf4a1e71f19155caac80756e7445eb30b6ba0b880908a2bfef,1754614a33820c4846454d60ec53dfe92b36705a06a040987e953acc38fbdd61,audited_single_model_record_and_source_recovery,2412,9997,0,0,0,9997,6ac9190d35b0dbd44d811be42a05ee00bce93ed915fdbbded6e977e495eec41d,1754614a33820c4846454d60ec53dfe92b36705a06a040987e953acc38fbdd61,audited_single_model_record_and_source_recovery
T03_006,2412,9997,0,0,0,9997,d3c4acc2475ce5cf4a1e71f19155caac80756e7445eb30b6ba0b880908a2bfef,645b814a4815fd58f211db90bfaee084b748a154c3a55478677a2cefa43564c0,audited_single_model_record_and_source_recovery,2412,9997,0,0,0,9997,6ac9190d35b0dbd44d811be42a05ee00bce93ed915fdbbded6e977e495eec41d,645b814a4815fd58f211db90bfaee084b748a154c3a55478677a2cefa43564c0,audited_single_model_record_and_source_recovery
T03_007,2412,9601,0,0,0,9601,d3c4acc2475ce5cf4a1e71f19155caac80756e7445eb30b6ba0b880908a2bfef,d93dc09c5d7f041a6d21fc6c46765af7864ab878803d86f3ae198d6995013b5e,audited_single_model_record_and_source_recovery,2412,9601,0,0,0,9601,6ac9190d35b0dbd44d811be42a05ee00bce93ed915fdbbded6e977e495eec41d,d93dc09c5d7f041a6d21fc6c46765af7864ab878803d86f3ae198d6995013b5e,audited_single_model_record_and_source_recovery
T03_008,2472,11634,0,0,0,11634,d3c4acc2475ce5cf4a1e71f19155caac80756e7445eb30b6ba0b880908a2bfef,136edd551a56840d1c773d694eff779614c68dcc9cf9f7e307ba8fd3a5db081a,audited_single_model_record_and_source_recovery,2472,11634,0,0,0,11634,6ac9190d35b0dbd44d811be42a05ee00bce93ed915fdbbded6e977e495eec41d,136edd551a56840d1c773d694eff779614c68dcc9cf9f7e307ba8fd3a5db081a,audited_single_model_record_and_source_recovery
T03_009,2541,12593,0,0,0,12593,d3c4acc2475ce5cf4a1e71f19155caac80756e7445eb30b6ba0b880908a2bfef,b33f370e540bc615b8458fad840ea7dc6380808b29061a38b3870997e3c2ef47,audited_single_model_record_and_source_recovery,2541,12593,0,0,0,12593,6ac9190d35b0dbd44d811be42a05ee00bce93ed915fdbbded6e977e495eec41d,b33f370e540bc615b8458fad840ea7dc6380808b29061a38b3870997e3c2ef47,audited_single_model_record_and_source_recovery
T03_010,1722,95545,0,0,0,95545,c1b78bdb7809ff03f3bf0aca9deea1517949722478af61a4ffced1931991608a,1780936120eb10f193b861c2f3eed2472521510e970524931429945f122a21e9,audited_single_model_record_and_source_recovery,1722,95545,0,0,0,95545,80d1ab0762c256b48bf43d340d30b3f6b4ca05e54c96ec239f6b7c4093ec4698,1780936120eb10f193b861c2f3eed2472521510e970524931429945f122a21e9,audited_single_model_record_and_source_recovery
T03_011,1596,67535,0,0,0,67535,c1b78bdb7809ff03f3bf0aca9deea1517949722478af61a4ffced1931991608a,ba4adcfea3560cacac96a6a8183334c6bb2a2a48d55b2d67de5c259383d08b7e,audited_single_model_record_and_source_recovery,1596,67535,0,0,0,67535,80d1ab0762c256b48bf43d340d30b3f6b4ca05e54c96ec239f6b7c4093ec4698,ba4adcfea3560cacac96a6a8183334c6bb2a2a48d55b2d67de5c259383d08b7e,audited_single_model_record_and_source_recovery
T03_012,1729,82005,0,0,0,82005,c1b78bdb7809ff03f3bf0aca9deea1517949722478af61a4ffced1931991608a,669225f560afd8cb4aaf4eda0f467ef8428c40c768ffd4be1ea892a29a541e07,audited_single_model_record_and_source_recovery,1729,82005,0,0,0,82005,80d1ab0762c256b48bf43d340d30b3f6b4ca05e54c96ec239f6b7c4093ec4698,669225f560afd8cb4aaf4eda0f467ef8428c40c768ffd4be1ea892a29a541e07,audited_single_model_record_and_source_recovery
T03_013,3164,249368,0,0,0,249368,c1b78bdb7809ff03f3bf0aca9deea1517949722478af61a4ffced1931991608a,c3f6f979283c1db6c36ff4ae517700c2b2fe90c10773b0f56f1585bfb8f6c67f,audited_single_model_record_and_source_recovery,3164,249368,0,0,0,249368,80d1ab0762c256b48bf43d340d30b3f6b4ca05e54c96ec239f6b7c4093ec4698,c3f6f979283c1db6c36ff4ae517700c2b2fe90c10773b0f56f1585bfb8f6c67f,audited_single_model_record_and_source_recovery
T03_014,4242,444787,0,0,0,444787,c1b78bdb7809ff03f3bf0aca9deea1517949722478af61a4ffced1931991608a,ecda364f9113e3ce4f07ad46405e9b7d38712f4f5bc79141145f2b79f1cd1b6c,audited_single_model_record_and_source_recovery,4242,444787,0,0,0,444787,80d1ab0762c256b48bf43d340d30b3f6b4ca05e54c96ec239f6b7c4093ec4698,ecda364f9113e3ce4f07ad46405e9b7d38712f4f5bc79141145f2b79f1cd1b6c,audited_single_model_record_and_source_recovery
T03_015,1725,73208,0,0,0,73208,c1b78bdb7809ff03f3bf0aca9deea1517949722478af61a4ffced1931991608a,4d1f861eb3c5576a7aaf4fb0a04a9f8b3e7413b879d9149b8fc2a01f69533d24,audited_single_model_record_and_source_recovery,1725,73208,0,0,0,73208,80d1ab0762c256b48bf43d340d30b3f6b4ca05e54c96ec239f6b7c4093ec4698,4d1f861eb3c5576a7aaf4fb0a04a9f8b3e7413b879d9149b8fc2a01f69533d24,audited_single_model_record_and_source_recovery
T03_016,2119,126781,0,0,0,126781,c1b78bdb7809ff03f3bf0aca9deea1517949722478af61a4ffced1931991608a,8d3982c33b95db4fd00972a977d3f1d709482002e8899999de4f9db40e703d7d,audited_single_model_record_and_source_recovery,2119,126781,0,0,0,126781,80d1ab0762c256b48bf43d340d30b3f6b4ca05e54c96ec239f6b7c4093ec4698,8d3982c33b95db4fd00972a977d3f1d709482002e8899999de4f9db40e703d7d,audited_single_model_record_and_source_recovery
T03_017,1862,80463,0,0,0,80463,c1b78bdb7809ff03f3bf0aca9deea1517949722478af61a4ffced1931991608a,821dc7d2840d72eed89126fac0be5ec87989bce2215412b27d56ea590f7fd814,audited_single_model_record_and_source_recovery,1862,80463,0,0,0,80463,80d1ab0762c256b48bf43d340d30b3f6b4ca05e54c96ec239f6b7c4093ec4698,821dc7d2840d72eed89126fac0be5ec87989bce2215412b27d56ea590f7fd814,audited_single_model_record_and_source_recovery
T03_018,2190,114624,0,0,0,114624,c1b78bdb7809ff03f3bf0aca9deea1517949722478af61a4ffced1931991608a,560fedc2ac7df6b5c0ccd9b870f677d7bac5ec1c0564d97ee6bf6dffb32f995a,audited_single_model_record_and_source_recovery,2190,114624,0,0,0,114624,80d1ab0762c256b48bf43d340d30b3f6b4ca05e54c96ec239f6b7c4093ec4698,560fedc2ac7df6b5c0ccd9b870f677d7bac5ec1c0564d97ee6bf6dffb32f995a,audited_single_model_record_and_source_recovery
T03_019,2416,139477,0,0,0,139477,c1b78bdb7809ff03f3bf0aca9deea1517949722478af61a4ffced1931991608a,0f76fa81bc82d03e31b74f46b896193fe287a8df3e99afb35e5cf0ee54127104,audited_single_model_record_and_source_recovery,2416,139477,0,0,0,139477,80d1ab0762c256b48bf43d340d30b3f6b4ca05e54c96ec239f6b7c4093ec4698,0f76fa81bc82d03e31b74f46b896193fe287a8df3e99afb35e5cf0ee54127104,audited_single_model_record_and_source_recovery
T04_001,615035,3522,0,0,0,3522,85eeb80441e92ef2532a428f584e71cc585029b10e035d16fcc5636c4007f0d6,420da87e8ec52bb22dfedd044dd3e24f268c88edce8c742dda74c0e652a86f18,audited_single_model_record_and_source_recovery,615035,3522,0,0,0,3522,7a58354b77ba6e1710c568f6806f9da620ac6d3b1379b5308a851e98d0ed8356,420da87e8ec52bb22dfedd044dd3e24f268c88edce8c742dda74c0e652a86f18,audited_single_model_record_and_source_recovery
T04_002,640000,1600,0,0,0,1600,7dface7d2aee70a0915f3910c3304fd33d859a69f2691932274583a0f17adee0,1886d957fb3a39bbfb8e3985a7ec94ffcb7b66b7f429f7e8d49b3122ee8c160f,audited_single_model_record_and_source_recovery,640000,1600,0,0,0,1600,3a1f0faa473fedeb8229dfa8e2c3b594463976482d04ddae7b5c49f6be60ec10,1886d957fb3a39bbfb8e3985a7ec94ffcb7b66b7f429f7e8d49b3122ee8c160f,audited_single_model_record_and_source_recovery
T04_003,6002500,4900,0,0,0,4900,7dface7d2aee70a0915f3910c3304fd33d859a69f2691932274583a0f17adee0,318ebb6d6a2941e80c8af8d96fefb2034dacaf6a5734a37d78a3744393cf0b11,audited_single_model_record_and_source_recovery,6002500,4900,0,0,0,4900,3a1f0faa473fedeb8229dfa8e2c3b594463976482d04ddae7b5c49f6be60ec10,318ebb6d6a2941e80c8af8d96fefb2034dacaf6a5734a37d78a3744393cf0b11,audited_single_model_record_and_source_recovery
T04_004,5290000,4600,0,0,0,4600,772cf22cb26b252c56ff98a2cf3e229cf285fa78703deb4edf62f40ca73d9976,9f831cc1543cb3a765abf70306b189718245cea187888f9bc6fd8579800e3e25,audited_single_model_record_and_source_recovery,5290000,4600,0,0,0,4600,fe77803a24826b6529e76ec3e568252f9ac7f302902dec8992d3931e8c6612fd,9f831cc1543cb3a765abf70306b189718245cea187888f9bc6fd8579800e3e25,audited_single_model_record_and_source_recovery
T04_005,6002500,4900,0,0,0,4900,5e531f8af244275359e963b792cfb6773d716379c4d25058448b9a5f62a14c13,b09c53e152966e38da873a3c8db28e5304b1fa87b412c428505dd9d7421d14d9,audited_single_model_record_and_source_recovery,6002500,4899,0,0,0,4899,75a4c50c63ada12aac2f86e49033a14d263b20004641902323cc9a064f2cffc7,b09c53e152966e38da873a3c8db28e5304b1fa87b412c428505dd9d7421d14d9,audited_single_model_record_and_source_recovery
T04_006,5290000,4600,0,0,0,4600,5e531f8af244275359e963b792cfb6773d716379c4d25058448b9a5f62a14c13,10f44942db151af4262495ce012ba27539eeb3525bf902033369adf5c85677cb,audited_single_model_record_and_source_recovery,5290000,4599,0,0,0,4599,75a4c50c63ada12aac2f86e49033a14d263b20004641902323cc9a064f2cffc7,10f44942db151af4262495ce012ba27539eeb3525bf902033369adf5c85677cb,audited_single_model_record_and_source_recovery
T04_007,6002500,4900,0,0,0,4900,867c9be08d385d3fecc15ae17dbc731de51ac8012d411c5de138cd54b2d85e04,2e77ee7b577396d90f6d036631c7112765fc30cfb9e21d4e81f2ea0ee1676d2f,audited_single_model_record_and_source_recovery,6002500,4900,0,0,0,4900,f5def7ff8851a121729ecadd4849623b0805f22c3f8bb2e53890b74a172adc4b,2e77ee7b577396d90f6d036631c7112765fc30cfb9e21d4e81f2ea0ee1676d2f,audited_single_model_record_and_source_recovery
T04_013,1980000,132000,0,0,0,132000,0cf5d16c2a4aecd56bfb182273dd44cf5cf1206ba50c709738d1bb609d121db6,dd83b19afdbe9d2291af8df967f9055720a31e7e014a9b85f8096ed41186c275,audited_single_model_record_and_source_recovery,1980000,132000,0,0,0,132000,1151907fda64a4f11d4ad51e3e03d851fa50714d1ba19aace5db635f04f926a2,dd83b19afdbe9d2291af8df967f9055720a31e7e014a9b85f8096ed41186c275,audited_single_model_record_and_source_recovery
T04_014,2092500,135000,0,0,0,135000,de65b565b1291e90053e6dd116d863e507909093840725100f08f347cf0074df,074433bf3f307d6ca09a0d0e4c362d9b6914854b83e5d944dd5f6e3cea54fca8,audited_single_model_record_and_source_recovery,2092500,135000,0,0,0,135000,effba5035dda554aac662ee0aa025598c310e15fca13ac59930441b1a88738d5,074433bf3f307d6ca09a0d0e4c362d9b6914854b83e5d944dd5f6e3cea54fca8,audited_single_model_record_and_source_recovery
T04_015,2208000,138000,0,0,0,138000,de65b565b1291e90053e6dd116d863e507909093840725100f08f347cf0074df,cf43c4b6256a8fca1e2072b8b1ed70c009c33c4e1e4d4172f5e49d563150fc09,audited_single_model_record_and_source_recovery,2208000,138000,0,0,0,138000,effba5035dda554aac662ee0aa025598c310e15fca13ac59930441b1a88738d5,cf43c4b6256a8fca1e2072b8b1ed70c009c33c4e1e4d4172f5e49d563150fc09,audited_single_model_record_and_source_recovery
T04_016,2123500,137000,0,0,0,137000,de65b565b1291e90053e6dd116d863e507909093840725100f08f347cf0074df,8178de724001cb6fd606c32fc3b2d37973238c03c630801e9b1dba28c33167d1,audited_single_model_record_and_source_recovery,2123500,137000,0,0,0,137000,effba5035dda554aac662ee0aa025598c310e15fca13ac59930441b1a88738d5,8178de724001cb6fd606c32fc3b2d37973238c03c630801e9b1dba28c33167d1,audited_single_model_record_and_source_recovery
T04_017,2409000,146000,0,0,0,146000,de65b565b1291e90053e6dd116d863e507909093840725100f08f347cf0074df,fda41a6bf809b8e0028124a1a6c6cb7fd075b92412aae780c551ea6d3a787380,audited_single_model_record_and_source_recovery,2409000,146000,0,0,0,146000,effba5035dda554aac662ee0aa025598c310e15fca13ac59930441b1a88738d5,fda41a6bf809b8e0028124a1a6c6cb7fd075b92412aae780c551ea6d3a787380,audited_single_model_record_and_source_recovery
T04_018,2310000,140000,0,0,0,140000,28986a8f25b073bc8b2a1bec6e6e722f7fdbeccbbf7af6fd34a508640ba67168,b2d7d96c0ec1358da73e489959777c49ae1cbb8559921d0fee6476e9d2a28a79,audited_single_model_record_and_source_recovery,2310000,140000,0,0,0,140000,2ebb548fe427c1bf8d36c0fda06dbf31408fdd14be2ffe67a918d5da30cf6d82,b2d7d96c0ec1358da73e489959777c49ae1cbb8559921d0fee6476e9d2a28a79,audited_single_model_record_and_source_recovery
T04_019,2201000,142000,0,0,0,142000,de65b565b1291e90053e6dd116d863e507909093840725100f08f347cf0074df,80793b4e6045b99a92f2e9ecc9588dcf601224366d40920d2ad87f04ede9f6ef,audited_single_model_record_and_source_recovery,2201000,142000,0,0,0,142000,effba5035dda554aac662ee0aa025598c310e15fca13ac59930441b1a88738d5,80793b4e6045b99a92f2e9ecc9588dcf601224366d40920d2ad87f04ede9f6ef,audited_single_model_record_and_source_recovery
T04_020,2232000,144000,0,0,0,144000,de65b565b1291e90053e6dd116d863e507909093840725100f08f347cf0074df,82abc2a156e09da6292eef76c69230fcc6c94e3cfe11d6a54528b884340caf1b,audited_single_model_record_and_source_recovery,2232000,144000,0,0,0,144000,effba5035dda554aac662ee0aa025598c310e15fca13ac59930441b1a88738d5,82abc2a156e09da6292eef76c69230fcc6c94e3cfe11d6a54528b884340caf1b,audited_single_model_record_and_source_recovery
T04_021,2015000,130000,0,0,0,130000,de65b565b1291e90053e6dd116d863e507909093840725100f08f347cf0074df,0fe073ccaa53a3f0e216bc809265304646dbb3b8593b31fad4af886e381602da,audited_single_model_record_and_source_recovery,2015000,130000,0,0,0,130000,effba5035dda554aac662ee0aa025598c310e15fca13ac59930441b1a88738d5,0fe073ccaa53a3f0e216bc809265304646dbb3b8593b31fad4af886e381602da,audited_single_model_record_and_source_recovery
T04_022,2442000,148000,0,0,0,148000,de65b565b1291e90053e6dd116d863e507909093840725100f08f347cf0074df,e7306ef0ab24fd095eb63265a782abe07d97dbed0690ac3f60518b6097840767,audited_single_model_record_and_source_recovery,2442000,148000,0,0,0,148000,effba5035dda554aac662ee0aa025598c310e15fca13ac59930441b1a88738d5,e7306ef0ab24fd095eb63265a782abe07d97dbed0690ac3f60518b6097840767,audited_single_model_record_and_source_recovery
T04_023,1980000,132000,0,0,0,132000,0cf5d16c2a4aecd56bfb182273dd44cf5cf1206ba50c709738d1bb609d121db6,a49158b1393094e05d61e50c6a6491ce41c7e8b5cec3c1cbfbf3273702cc6d73,audited_single_model_record_and_source_recovery,1980000,132000,0,0,0,132000,1151907fda64a4f11d4ad51e3e03d851fa50714d1ba19aace5db635f04f926a2,a49158b1393094e05d61e50c6a6491ce41c7e8b5cec3c1cbfbf3273702cc6d73,audited_single_model_record_and_source_recovery
T04_024,3648,3792,0,0,0,3792,e512e1fc4f48c96b3022281b3fb94f5ec690b4cff92b00da8ce942c77f1a5624,e9d7af00df442c9be5dbcd661d0cb1fa46c613c1b15d64bf2a9f618c25c41222,audited_single_model_record_and_source_recovery,3648,3792,0,0,0,3792,de666c3e73bcfd5cae1a7a90875e9cb0e074def2d34ed594dc0a32c14255ccc2,e9d7af00df442c9be5dbcd661d0cb1fa46c613c1b15d64bf2a9f618c25c41222,audited_single_model_record_and_source_recovery
T04_025,3648,3792,0,0,0,3792,e512e1fc4f48c96b3022281b3fb94f5ec690b4cff92b00da8ce942c77f1a5624,5413a85b97e6336a58470a40f4eda67b5106526ca9ad4b1c5bb74d6dfdce2fe6,audited_single_model_record_and_source_recovery,3648,3792,0,0,0,3792,de666c3e73bcfd5cae1a7a90875e9cb0e074def2d34ed594dc0a32c14255ccc2,5413a85b97e6336a58470a40f4eda67b5106526ca9ad4b1c5bb74d6dfdce2fe6,audited_single_model_record_and_source_recovery
T04_026,86400,83768,0,0,0,83768,dfa03a280562ce5b4e996469b7b3e08dd98815fc00caf04297e55cae69a63e83,989995f6bceea9e9a50c6d3c7b547491670efcd02ef6f0d49c59cf624fd71bed,audited_single_model_record_and_source_recovery,86400,83768,0,0,0,83768,e540c478acd05ef2f8b32f266ce665f04d7b61ffe4d7fbca89e2419d71310e09,989995f6bceea9e9a50c6d3c7b547491670efcd02ef6f0d49c59cf624fd71bed,audited_single_model_record_and_source_recovery
T04_027,60750,79885,0,0,0,79885,166b7f443f194fff0b87081d60421cba04ad6b3a7046ffb326ecb35a3aa2e858,097f9e1136969c8ba3625c28716bb7163fdb809184818aa48c636c1611f822f8,audited_single_model_record_and_source_recovery,60750,79885,0,0,0,79885,23ef242c5b016027f308c949233693fcd8db892000d318a26554575edc049fda,097f9e1136969c8ba3625c28716bb7163fdb809184818aa48c636c1611f822f8,audited_single_model_record_and_source_recovery
T04_028,3648,3792,0,0,0,3792,e512e1fc4f48c96b3022281b3fb94f5ec690b4cff92b00da8ce942c77f1a5624,9f7f5a3644fb57562ab2658e1af809bf43338600d11cd008b3aec7cb4de3b4e2,audited_single_model_record_and_source_recovery,3648,3792,0,0,0,3792,de666c3e73bcfd5cae1a7a90875e9cb0e074def2d34ed594dc0a32c14255ccc2,9f7f5a3644fb57562ab2658e1af809bf43338600d11cd008b3aec7cb4de3b4e2,audited_single_model_record_and_source_recovery
T04_029,3648,3792,0,0,0,3792,e512e1fc4f48c96b3022281b3fb94f5ec690b4cff92b00da8ce942c77f1a5624,a9bf640151ef1a938718902982dc544545e10752c3d897ae0719cde44dcc7a3f,audited_single_model_record_and_source_recovery,3648,3792,0,0,0,3792,de666c3e73bcfd5cae1a7a90875e9cb0e074def2d34ed594dc0a32c14255ccc2,a9bf640151ef1a938718902982dc544545e10752c3d897ae0719cde44dcc7a3f,audited_single_model_record_and_source_recovery
T04_030,3648,3792,0,0,0,3792,e512e1fc4f48c96b3022281b3fb94f5ec690b4cff92b00da8ce942c77f1a5624,3ff02faf25861cf4940655d2c170f19ba3314f9d060a0018ca865d02a6972c52,audited_single_model_record_and_source_recovery,3648,3792,0,0,0,3792,de666c3e73bcfd5cae1a7a90875e9cb0e074def2d34ed594dc0a32c14255ccc2,3ff02faf25861cf4940655d2c170f19ba3314f9d060a0018ca865d02a6972c52,audited_single_model_record_and_source_recovery
T05_001,175,65,0,0,0,65,03cd2ee672b81a19125481de49a55cd53e16b9eb321296d57344bb44a292335e,80e37cc6b2859252bc02d214ecdf06097b4ffe50f82342a87937205314e4b3d6,audited_single_model_record_and_source_recovery,175,65,0,0,0,65,c0ffcbb220ebfb8158fdd3105274074cacc1d938f0035d62fe3443b2b9ab08ac,80e37cc6b2859252bc02d214ecdf06097b4ffe50f82342a87937205314e4b3d6,audited_single_model_record_and_source_recovery
T05_002,185,74,0,0,0,74,e0b020ac7d4f13a6703de3c2eb0507a4e978e40bb9f00cbe1eebfa4cf7bfa556,6556d01269fa919da93acb0b5b6bcace35d092942968bfc11bcb81a3702e6928,audited_single_model_record_and_source_recovery,185,10,0,64,0,74,599c5f75d23ef2de8e5f0927c5a7233d674b7e2efc85f9ece6d952c2561e276f,6556d01269fa919da93acb0b5b6bcace35d092942968bfc11bcb81a3702e6928,audited_single_model_record_and_source_recovery
T05_003,312,520,0,0,0,520,b7d70255daf45d8d44d4eec624c1a23f825a54173d469dd764011cc314e701a2,6f937481e8ffe4d504bd0bbbd7273a9fd5ae93d97c7bc4f6a631f23a62ccd2e7,audited_single_model_record_and_source_recovery,312,520,0,0,0,520,4c0586c788012f6764c1f903244f5dac437f1169e9bd8fc4754ea5db91607580,6f937481e8ffe4d504bd0bbbd7273a9fd5ae93d97c7bc4f6a631f23a62ccd2e7,audited_single_model_record_and_source_recovery
T05_004,321,549,0,0,0,549,2a6e4ed290ca379bc34e8dc3075f7a26d17d4c70f36ffd61c7652f99b72bc3fa,961171cba9f89d687ae2ad478fc5cfa74af13436274c94c5ee5082c102f9d81b,audited_single_model_record_and_source_recovery,321,549,0,0,0,549,1cb28e5d0fc7fe4b09f294962f543bb240cec19ec7057f5efc060e927faac9c3,961171cba9f89d687ae2ad478fc5cfa74af13436274c94c5ee5082c102f9d81b,audited_single_model_record_and_source_recovery
T05_005,312,520,0,0,0,520,64f0584ab20e8ae96393fa2948f37c018f467ee9b935c63cc1b402bddd0b05e3,0c79189f782bb40b0b6b78e67c978c1720071734cf1c48e0ab506d595b69d1be,audited_single_model_record_and_source_recovery,312,520,0,0,0,520,d1a6c4ee85de2cb8ded26a31b1d3b66d82a764189cff4d201852ec819a2f95ad,0c79189f782bb40b0b6b78e67c978c1720071734cf1c48e0ab506d595b69d1be,audited_single_model_record_and_source_recovery
T05_006,312,520,0,0,0,520,2a6e4ed290ca379bc34e8dc3075f7a26d17d4c70f36ffd61c7652f99b72bc3fa,d5c42633d99a937e156e8a90b9ff3c7eea3969fe8412eec54645d002625ecd51,audited_single_model_record_and_source_recovery,312,520,0,0,0,520,1cb28e5d0fc7fe4b09f294962f543bb240cec19ec7057f5efc060e927faac9c3,d5c42633d99a937e156e8a90b9ff3c7eea3969fe8412eec54645d002625ecd51,audited_single_model_record_and_source_recovery
T05_007,312,520,0,0,0,520,09f44a8c9157e21d47f790086ffa94d2a7d379c076cc41c3394d2df228b497b4,2cea38bb23ef089df1e089d5e87682246d50d943a1ee3bbd5bb554dc8a1b0352,audited_single_model_record_and_source_recovery,312,520,0,0,0,520,78f4a1247dfcac14c398373fa3ba3fcc186b75b62ad2d5db27a702d1dea24877,2cea38bb23ef089df1e089d5e87682246d50d943a1ee3bbd5bb554dc8a1b0352,audited_single_model_record_and_source_recovery
T05_008,330,536,0,0,0,536,715edd0e4426e8e3c414013f514cf7acf118dd1dd3819e5e8c90df42cf8098e1,9fb908d89a7b8fdcefad272249402cd380f7ad1c8f6b4b7391e6d47be6743e58,audited_single_model_record_and_source_recovery,330,410,0,126,0,536,cb481daf85c8f010dbadbc597df58bcbc2feb01bc8f2648948c888618cd0ef28,9fb908d89a7b8fdcefad272249402cd380f7ad1c8f6b4b7391e6d47be6743e58,audited_single_model_record_and_source_recovery
T05_009,294,468,0,0,0,468,194c24284b0abd3bd477282b0649ebb165c7fff51adcc7f00bec0229501d9d99,56431f1ed22116a785d3f864f3fcae02e0107980f03d2c6cea805341ac736fdf,audited_single_model_record_and_source_recovery,294,354,0,114,0,468,9d33bf09c48b740bc94c3b2acbee66079a25cc4fbb05936ce5646412b475e872,56431f1ed22116a785d3f864f3fcae02e0107980f03d2c6cea805341ac736fdf,audited_single_model_record_and_source_recovery
T05_010,312,511,0,0,0,511,fd23cc5befa36addfe8c44333017814e18b9f2b9c35c25fcc3ed493f50c4311c,8a9db8ee38620e4e5fad737a6f6ed8a5d35ca2bb0e98b0e86af2102e5342b4f6,audited_single_model_record_and_source_recovery,312,511,0,0,0,511,febf75a7c519b6a1cdb02b7fe3b89cd574d6c9225267bc608769c44bdb4408c9,8a9db8ee38620e4e5fad737a6f6ed8a5d35ca2bb0e98b0e86af2102e5342b4f6,audited_single_model_record_and_source_recovery
T05_011,312,513,0,0,0,513,b814138efc6ccdca73a03e7e6e10f966b544e60f9e9aae0c0fc5696715c89a7c,e2a0eccb01d5e4755488ba50fa3ecda5d8bebcd271ff1978111269d134df0295,audited_single_model_record_and_source_recovery,312,513,0,0,0,513,0e25190a5c54eb28b26d91eeb45ce0eda3a680240713cb598653717fb9ad67d3,e2a0eccb01d5e4755488ba50fa3ecda5d8bebcd271ff1978111269d134df0295,audited_single_model_record_and_source_recovery
T05_012,312,528,0,0,0,528,3036bd4e7e310273567a39d5f0e17c03bf91947215065a2a63aa4f8c01da91b5,55335c78661d416c695cf3e2108fc99c13c436ba7ee19a48aa1be90970f5e0e0,audited_single_model_record_and_source_recovery,312,408,0,120,0,528,bee94ac80eaa7245da5d63e5c1b944460e48f752e5882c70cd7cfebee3223c79,55335c78661d416c695cf3e2108fc99c13c436ba7ee19a48aa1be90970f5e0e0,audited_single_model_record_and_source_recovery
T05_013,312,513,0,0,0,513,35f7dce1a28e044fae658bb5fd6f6987f1d3c09b7637fb73284a6d45ddf1a2d7,4896fd7e5be197961f97571ff8124a064c2df039b52257b2ffe13abe37811709,audited_single_model_record_and_source_recovery,312,393,0,120,0,513,6ffb1df0c2ffaff7aed1b38a669f779a949b447803e49cdd8c1b8cad76124735,4896fd7e5be197961f97571ff8124a064c2df039b52257b2ffe13abe37811709,audited_single_model_record_and_source_recovery
T05_014,360,615,0,0,0,615,759bc0811e99e41c9a78c768e6ba93a50bee9afa9c8db2f50eb447bfc3614702,daf66cd65c23527bb143bfcd4e7c772e746ce85a9b93ab24bca627af06681d9a,audited_single_model_record_and_source_recovery,360,615,0,0,0,615,5aa2118a76991668d64d2fc42dfacc1f49b2b6947482e8b9c7c72058f05c6819,daf66cd65c23527bb143bfcd4e7c772e746ce85a9b93ab24bca627af06681d9a,audited_single_model_record_and_source_recovery
T05_015,348,588,0,0,0,588,2a6e4ed290ca379bc34e8dc3075f7a26d17d4c70f36ffd61c7652f99b72bc3fa,a6b9c2ce85c682bdc88f64e79a451220f67fc56f58a425fa4d4043440177864e,audited_single_model_record_and_source_recovery,348,588,0,0,0,588,1cb28e5d0fc7fe4b09f294962f543bb240cec19ec7057f5efc060e927faac9c3,a6b9c2ce85c682bdc88f64e79a451220f67fc56f58a425fa4d4043440177864e,audited_single_model_record_and_source_recovery
T05_016,294,468,0,0,0,468,80489e1f980a502ffb2b93bf8e18b4423eb3dae031995737f54c3d085c3f2721,a5df7bff2b58975f64e2a7c0904bbc898c7800356a70b7b66b22839fce8f90ac,audited_single_model_record_and_source_recovery,294,354,0,114,0,468,ef8c210c86e4f85ddba3f5f34ea76f8697c17939d148ed0f38766ea493ac74f9,a5df7bff2b58975f64e2a7c0904bbc898c7800356a70b7b66b22839fce8f90ac,audited_single_model_record_and_source_recovery
T05_018,312,520,0,0,0,520,3d4acce58341f4b6f837f2bfa0e5891508584d69ee946d6f6c00ca46daef5e0c,c3d39908eba12becd24917996a1ef61a29be8b5437b60d5c0d884444e88a6c2a,audited_single_model_record_and_source_recovery,312,520,0,0,0,520,8968a0f10b380e34e8c228239f95a47e4b714f0f10f209798ed04ce9eb1baa65,c3d39908eba12becd24917996a1ef61a29be8b5437b60d5c0d884444e88a6c2a,audited_single_model_record_and_source_recovery
T05_019,312,513,0,0,0,513,b814138efc6ccdca73a03e7e6e10f966b544e60f9e9aae0c0fc5696715c89a7c,80fceebbaad04763c8882920cc0fc4e7e723243a9ef332fbe2b3c8247aa4ca5c,audited_single_model_record_and_source_recovery,312,513,0,0,0,513,0e25190a5c54eb28b26d91eeb45ce0eda3a680240713cb598653717fb9ad67d3,80fceebbaad04763c8882920cc0fc4e7e723243a9ef332fbe2b3c8247aa4ca5c,audited_single_model_record_and_source_recovery
T05_020,20501,21620,0,0,0,21620,0298f397c31c6d04e968dc1834e2b5513bb7304dda5b6379ca804dc5c678e758,65da410427d4dc5a46f746bd04c18b8e1e42edc14ce79d84a7e3a88d39102ab5,audited_single_model_record_and_source_recovery,20401,20945,0,0,0,20945,1227a1341ebfc6c03c35342732580f3d2c84aa60baaa7dc0341fc8029bf1651c,65da410427d4dc5a46f746bd04c18b8e1e42edc14ce79d84a7e3a88d39102ab5,audited_single_model_record_and_source_recovery
T06_001,1200000,1200005,0,0,0,1200005,d66bd9d7a013f9b2b272df91b26de21e871c2a149eee80b05985f23a468611e2,86db809f082b5e371270b5131228893dcfeb60ea9a4e9a89f0698d16553b0352,audited_single_model_record_and_source_recovery,600000,5,0,0,0,5,3b6b9e02efd0faed32350475538c83c6403231d7429d840d95fe93a5413c55c7,86db809f082b5e371270b5131228893dcfeb60ea9a4e9a89f0698d16553b0352,audited_single_model_record_and_source_recovery
T06_002,240000,240005,0,0,0,240005,d66bd9d7a013f9b2b272df91b26de21e871c2a149eee80b05985f23a468611e2,afb3fbbc1831d0c58979fa6404c25b4f142fbb56da44021a351b0dc76a13350f,audited_single_model_record_and_source_recovery,120000,5,0,0,0,5,3b6b9e02efd0faed32350475538c83c6403231d7429d840d95fe93a5413c55c7,afb3fbbc1831d0c58979fa6404c25b4f142fbb56da44021a351b0dc76a13350f,audited_single_model_record_and_source_recovery
T06_003,38400,38560,0,0,0,38560,c7b65bd272455b2037f65b6a756c310730b715b7cb0597a8c50f792c8e47a648,0efa2e50c159220344f65a18ef7be826c6bb96291ec76f9fac0cbbc56e39bf37,audited_single_model_record_and_source_recovery,25600,12960,0,0,0,12960,9470fa0fd58c7fe2c0ead9a67598d4f7825327d2af1a8e905c54ab74e5b206ef,0efa2e50c159220344f65a18ef7be826c6bb96291ec76f9fac0cbbc56e39bf37,audited_single_model_record_and_source_recovery
T06_004,240000,240005,0,0,0,240005,c7f36fc48bed9b7867a6f754eb4722034e464486164065bded2fd3a451e357d3,85d95054a589256790c4dacbb4ad15913c871f385a4ccb71ba4b35a337dcc0b3,audited_single_model_record_and_source_recovery,120000,5,0,0,0,5,6906551c324d1c3a4d60ac6d94b98bb747765ba0f772cb7ab4fd4ae5cb5cc184,85d95054a589256790c4dacbb4ad15913c871f385a4ccb71ba4b35a337dcc0b3,audited_single_model_record_and_source_recovery
T06_005,38400,38560,0,0,0,38560,32cf52446adaaf47512767606f226e5ec692d31ddefe4bc501046534983ccc5a,987a67a51d0e2063b2cfcad68f08e50adcfe4ece4ab3f349e1988a7de4f1c63e,audited_single_model_record_and_source_recovery,25600,12960,0,0,0,12960,f56039e46cc79ac4bfaf775fd1ac45b01bdb408f9e966442396c9b2f124ad945,987a67a51d0e2063b2cfcad68f08e50adcfe4ece4ab3f349e1988a7de4f1c63e,audited_single_model_record_and_source_recovery
T06_006,38250,38420,0,0,0,38420,32cf52446adaaf47512767606f226e5ec692d31ddefe4bc501046534983ccc5a,b4fd20e159f3c912c7e0301a9d20927d3d52086519cee51a2e59330d10917163,audited_single_model_record_and_source_recovery,25500,12920,0,0,0,12920,f56039e46cc79ac4bfaf775fd1ac45b01bdb408f9e966442396c9b2f124ad945,b4fd20e159f3c912c7e0301a9d20927d3d52086519cee51a2e59330d10917163,audited_single_model_record_and_source_recovery
T06_007,38250,38400,0,0,0,38400,32cf52446adaaf47512767606f226e5ec692d31ddefe4bc501046534983ccc5a,10a00d55048d99f6f0ad4ea755a53aa4fd55cdc14e8f7ae505814781c7e32119,audited_single_model_record_and_source_recovery,25500,12900,0,0,0,12900,f56039e46cc79ac4bfaf775fd1ac45b01bdb408f9e966442396c9b2f124ad945,10a00d55048d99f6f0ad4ea755a53aa4fd55cdc14e8f7ae505814781c7e32119,audited_single_model_record_and_source_recovery
T06_008,48000,48160,0,0,0,48160,eaf5116442987409d2bdc5f2406bcfe4ecea97cd027eb6bd98d425673b44e95e,0e9d88609535d414f98f51cf831905f0a9d0ffa9152fe70633b3a4112e484c46,audited_single_model_record_and_source_recovery,32000,16160,0,0,0,16160,53b24bbd39e1cbaa89375c08b6a574d965a0f05ee616507743981bca230ceefd,0e9d88609535d414f98f51cf831905f0a9d0ffa9152fe70633b3a4112e484c46,audited_single_model_record_and_source_recovery
T06_009,48000,48160,0,0,0,48160,9f3beebe9ea96ef5a1f375bce8f3032f9b55900afb5242b790b5aedbf93fd368,91c6fd2b2b402c826a66f57d2f7c77ac02e1ba24aba5393a43ca09724a9d2167,audited_single_model_record_and_source_recovery,32000,16160,0,0,0,16160,96ba3aff99d8f8542e60cb48ad15d2f686339a5d1178e59bafbe5dff4182919b,91c6fd2b2b402c826a66f57d2f7c77ac02e1ba24aba5393a43ca09724a9d2167,audited_single_model_record_and_source_recovery
T06_010,52800,52960,0,0,0,52960,50d9e7929005338a9d0a7233c7d4685d1f92ab74e7676aa94799369c16af8e67,60063df06a89d90b902b7d3cd86a8dcf9e70829e2ecaa40f5e4feeccca5e6ef2,audited_single_model_record_and_source_recovery,35200,17760,0,0,0,17760,9cd5547fbd2a6c090cb58b14874277fa67a0a9aa420044adff141b6e0d906ef0,60063df06a89d90b902b7d3cd86a8dcf9e70829e2ecaa40f5e4feeccca5e6ef2,audited_single_model_record_and_source_recovery
T06_011,52800,52960,0,0,0,52960,7914a32838433905e45190f0d4dee62d68605bb3f7222ed30e318ae2375894bb,70133f6bfde54367b6c5dbb4e99fb61e3e679a46bd89afd276cf0ee8fdbf47c1,audited_single_model_record_and_source_recovery,35200,17760,0,0,0,17760,98e9cad082607d69255c82c755fd55165e9ef4634db46858206470ab0d2d581a,70133f6bfde54367b6c5dbb4e99fb61e3e679a46bd89afd276cf0ee8fdbf47c1,audited_single_model_record_and_source_recovery
T06_012,52800,52960,0,0,0,52960,dc19c87ba50749387c3299ca31697115eaf5ced77c3cd60fe179dbdeeda16148,57c4eb0e773e9fbd1fa69825779a7f8367b513959b894839c431edc1779d45a6,audited_single_model_record_and_source_recovery,35200,17760,0,0,0,17760,9594992b5c4e28fdd759f2367dab9d935c29706ff03f87b79ef5f5047fdc95d7,57c4eb0e773e9fbd1fa69825779a7f8367b513959b894839c431edc1779d45a6,audited_single_model_record_and_source_recovery
T06_013,52800,52960,0,0,0,52960,f96601314a3b98445315548090b0fae8316c42c85c09a8530fc7337396531396,70c33f9d4147f1ccbf094ee7c7bf2e75b8fe95aa643a86fc79cd00dcf6871352,audited_single_model_record_and_source_recovery,35200,17760,0,0,0,17760,d3e33e0ddd32e897aa5d74c48238ad67ea86a2edf68af6e70b0b8d0812623e33,70c33f9d4147f1ccbf094ee7c7bf2e75b8fe95aa643a86fc79cd00dcf6871352,audited_single_model_record_and_source_recovery
T06_014,192000,192640,0,0,0,192640,8f96d9d292d87d2c5a950900cd7ca0e9f19c7f20fbf4610e032aaa2229b4b9cc,a970b297f205bcc5a2a5716921b961e6fa28dca7a23a336e9ee926ee6cd8c2d9,audited_single_model_record_and_source_recovery,128000,64640,0,0,0,64640,2c83af583e3899a10ff4f277dfd186f2bcb011a88b279325c779613976c34e98,a970b297f205bcc5a2a5716921b961e6fa28dca7a23a336e9ee926ee6cd8c2d9,audited_single_model_record_and_source_recovery
T06_015,194400,195120,0,0,0,195120,8f96d9d292d87d2c5a950900cd7ca0e9f19c7f20fbf4610e032aaa2229b4b9cc,d1ee4f55b44ed7a4591c7113d27c9a8bb1d9fca6dd15a0f3c64c960e54f1ad26,audited_single_model_record_and_source_recovery,129600,65520,0,0,0,65520,2c83af583e3899a10ff4f277dfd186f2bcb011a88b279325c779613976c34e98,d1ee4f55b44ed7a4591c7113d27c9a8bb1d9fca6dd15a0f3c64c960e54f1ad26,audited_single_model_record_and_source_recovery
T06_016,192000,192800,0,0,0,192800,8f96d9d292d87d2c5a950900cd7ca0e9f19c7f20fbf4610e032aaa2229b4b9cc,9dda766409bbe52df74ecfa6758f5bff2a6ba65f842783e5c6fb79baeb597d3d,audited_single_model_record_and_source_recovery,128000,64800,0,0,0,64800,2c83af583e3899a10ff4f277dfd186f2bcb011a88b279325c779613976c34e98,9dda766409bbe52df74ecfa6758f5bff2a6ba65f842783e5c6fb79baeb597d3d,audited_single_model_record_and_source_recovery
T06_017,191400,191980,0,0,0,191980,8f96d9d292d87d2c5a950900cd7ca0e9f19c7f20fbf4610e032aaa2229b4b9cc,dbbf4f75804d2398a0ea81b1d522abcaf41a53b0040591e7cb919d48a0640099,audited_single_model_record_and_source_recovery,127600,64380,0,0,0,64380,2c83af583e3899a10ff4f277dfd186f2bcb011a88b279325c779613976c34e98,dbbf4f75804d2398a0ea81b1d522abcaf41a53b0040591e7cb919d48a0640099,audited_single_model_record_and_source_recovery
T06_018,189000,189700,0,0,0,189700,8f96d9d292d87d2c5a950900cd7ca0e9f19c7f20fbf4610e032aaa2229b4b9cc,242856462d158b9164550e79f385c502716eca0662dbddaceabc9955caed2d99,audited_single_model_record_and_source_recovery,126000,63700,0,0,0,63700,2c83af583e3899a10ff4f277dfd186f2bcb011a88b279325c779613976c34e98,242856462d158b9164550e79f385c502716eca0662dbddaceabc9955caed2d99,audited_single_model_record_and_source_recovery
T06_019,100000,100036,0,0,0,100036,ff8fc8740281fc91ced5486c13f28414396c766089b693f7282a2dd24557ed4d,eef3cabe27f174b0132b2fd4a31a87401f2c7f91116cfc3ed8084401f90a9bc9,audited_single_model_record_and_source_recovery,50000,36,0,0,0,36,ee8c16c2610ee628b1d269c6ad61ecb255103190b258529068f44d908d17cdfe,eef3cabe27f174b0132b2fd4a31a87401f2c7f91116cfc3ed8084401f90a9bc9,audited_single_model_record_and_source_recovery
T06_020,40000,980812,0,0,0,980812,5ee49385dea663a59298ad02ff16f98f35ecfe7a3642b8f852269be3ab263b87,c5b851762c2018608041ef449033d09049c1487b1d2ee43e5436588663e482b2,audited_single_model_record_and_source_recovery,40000,812,0,0,800,1612,2c08e50a3200aa6090b887d46b8335bbf838958b2620f67b8bcc5931f7f3d3e6,c5b851762c2018608041ef449033d09049c1487b1d2ee43e5436588663e482b2,audited_single_model_record_and_source_recovery
T06_021,160000,160046,0,0,0,160046,1b84b8e65c52ec99b21b37f05bf2d34fa44cf888364509fc6358d5ac588664fa,301dfe03ff46f0ee1d483afe8f644cbf61d40bac5c0d2a53927b32e602da1140,audited_single_model_record_and_source_recovery,80000,46,0,0,0,46,f3beae29c629147dd9a4170ad650a9f67c8777c96fd198861a25e382a2274ad8,301dfe03ff46f0ee1d483afe8f644cbf61d40bac5c0d2a53927b32e602da1140,audited_single_model_record_and_source_recovery
T07_003,9999,9902,0,0,0,9902,5d0f962f59a6f05f01bd1515a33834a79f8c5b92f8b69d2e309e6925ecbd0fa3,1442767f0b68c43f17f26f805fd085888ca352d804ca47799de607537193bb7f,audited_single_model_record_and_source_recovery,19800,10199,0,0,0,10199,d36eacc890625d750ba85867758fb5785dbfdd9d333aac15d22ccc042eccc6ed,1442767f0b68c43f17f26f805fd085888ca352d804ca47799de607537193bb7f,audited_single_model_record_and_source_recovery
T07_004,480,3604,0,0,0,3604,c95a624a9a5203404debcb916311b343b9ac8bcf552d11096b546b8a2b04e43c,31503ffad45307bb62d9aa5508657644f4f9d5bd9900d9b0055c15478ca012df,audited_single_model_record_and_source_recovery,480,34,0,0,0,34,27deb23758c8adf32e6d088a6faf62b72747297afd315a2271149b237db2a756,31503ffad45307bb62d9aa5508657644f4f9d5bd9900d9b0055c15478ca012df,audited_single_model_record_and_source_recovery
T07_005,640,4804,0,0,0,4804,c95a624a9a5203404debcb916311b343b9ac8bcf552d11096b546b8a2b04e43c,6ead21da4e51fdc212f60a27788a68cbcfd1c04f0bdb132fac7c4195d412d073,audited_single_model_record_and_source_recovery,640,44,0,0,0,44,27deb23758c8adf32e6d088a6faf62b72747297afd315a2271149b237db2a756,6ead21da4e51fdc212f60a27788a68cbcfd1c04f0bdb132fac7c4195d412d073,audited_single_model_record_and_source_recovery
T07_006,800,6004,0,0,0,6004,c95a624a9a5203404debcb916311b343b9ac8bcf552d11096b546b8a2b04e43c,4657002143876375f991fd9049e613caf2e6fe31c1ceb16193d972261a094383,audited_single_model_record_and_source_recovery,800,54,0,0,0,54,27deb23758c8adf32e6d088a6faf62b72747297afd315a2271149b237db2a756,4657002143876375f991fd9049e613caf2e6fe31c1ceb16193d972261a094383,audited_single_model_record_and_source_recovery
T07_007,1440,10804,0,0,0,10804,c95a624a9a5203404debcb916311b343b9ac8bcf552d11096b546b8a2b04e43c,cf199b8ac52e72d2962e3d130d7c9e5f4f0c9655044ce1302afc97cfd3366407,audited_single_model_record_and_source_recovery,1440,94,0,0,0,94,27deb23758c8adf32e6d088a6faf62b72747297afd315a2271149b237db2a756,cf199b8ac52e72d2962e3d130d7c9e5f4f0c9655044ce1302afc97cfd3366407,audited_single_model_record_and_source_recovery
T07_008,1600,12004,0,0,0,12004,c95a624a9a5203404debcb916311b343b9ac8bcf552d11096b546b8a2b04e43c,7f1a869bede0e05ce387c74be2ce397083c2c988cfa14ead03ec180a1225ac1e,audited_single_model_record_and_source_recovery,1600,104,0,0,0,104,27deb23758c8adf32e6d088a6faf62b72747297afd315a2271149b237db2a756,7f1a869bede0e05ce387c74be2ce397083c2c988cfa14ead03ec180a1225ac1e,audited_single_model_record_and_source_recovery
T07_009,1360,10204,0,0,0,10204,c95a624a9a5203404debcb916311b343b9ac8bcf552d11096b546b8a2b04e43c,0df31b70ce6342e001b415c0e8a9f478080def6013769627726d146302b91572,audited_single_model_record_and_source_recovery,1360,89,0,0,0,89,27deb23758c8adf32e6d088a6faf62b72747297afd315a2271149b237db2a756,0df31b70ce6342e001b415c0e8a9f478080def6013769627726d146302b91572,audited_single_model_record_and_source_recovery
T07_010,1680,12604,0,0,0,12604,c95a624a9a5203404debcb916311b343b9ac8bcf552d11096b546b8a2b04e43c,5d445a10c790936193d788620726717259f3b75d2b9e77689c814844d517439e,audited_single_model_record_and_source_recovery,1680,109,0,0,0,109,27deb23758c8adf32e6d088a6faf62b72747297afd315a2271149b237db2a756,5d445a10c790936193d788620726717259f3b75d2b9e77689c814844d517439e,audited_single_model_record_and_source_recovery
T07_011,1200,9004,0,0,0,9004,c95a624a9a5203404debcb916311b343b9ac8bcf552d11096b546b8a2b04e43c,750087774f189864e9b10b92b78b3523cadce00e95e754830e77632ba850fcb0,audited_single_model_record_and_source_recovery,1200,79,0,0,0,79,27deb23758c8adf32e6d088a6faf62b72747297afd315a2271149b237db2a756,750087774f189864e9b10b92b78b3523cadce00e95e754830e77632ba850fcb0,audited_single_model_record_and_source_recovery
T07_012,1280,9604,0,0,0,9604,c95a624a9a5203404debcb916311b343b9ac8bcf552d11096b546b8a2b04e43c,2a6c140dd836bc9a6dca879915187ba0a6f79482bcca836e379438607d15a3c1,audited_single_model_record_and_source_recovery,1280,84,0,0,0,84,27deb23758c8adf32e6d088a6faf62b72747297afd315a2271149b237db2a756,2a6c140dd836bc9a6dca879915187ba0a6f79482bcca836e379438607d15a3c1,audited_single_model_record_and_source_recovery
T07_013,1600,12004,0,0,0,12004,c95a624a9a5203404debcb916311b343b9ac8bcf552d11096b546b8a2b04e43c,a2766d09b32c21797089b495a0d5e5858d26782150946975b6bae5bc84f70e2e,audited_single_model_record_and_source_recovery,1600,104,0,0,0,104,27deb23758c8adf32e6d088a6faf62b72747297afd315a2271149b237db2a756,a2766d09b32c21797089b495a0d5e5858d26782150946975b6bae5bc84f70e2e,audited_single_model_record_and_source_recovery
T07_014,1280,9604,0,0,0,9604,c95a624a9a5203404debcb916311b343b9ac8bcf552d11096b546b8a2b04e43c,4bc6c2d97c5ced4e9a17133ec9367353baabc25974919a3a157e0576f5bd10de,audited_single_model_record_and_source_recovery,1280,84,0,0,0,84,27deb23758c8adf32e6d088a6faf62b72747297afd315a2271149b237db2a756,4bc6c2d97c5ced4e9a17133ec9367353baabc25974919a3a157e0576f5bd10de,audited_single_model_record_and_source_recovery
T07_015,1520,11404,0,0,0,11404,c95a624a9a5203404debcb916311b343b9ac8bcf552d11096b546b8a2b04e43c,28691aa9a669d0ffa8b1d6f76025a48757aa433176c64cfba1308d75ed779786,audited_single_model_record_and_source_recovery,1520,99,0,0,0,99,27deb23758c8adf32e6d088a6faf62b72747297afd315a2271149b237db2a756,28691aa9a669d0ffa8b1d6f76025a48757aa433176c64cfba1308d75ed779786,audited_single_model_record_and_source_recovery
T07_016,1360,10204,0,0,0,10204,c95a624a9a5203404debcb916311b343b9ac8bcf552d11096b546b8a2b04e43c,f5173c55484e96dfdd1ff1b3a07a789e2fd72afd98fffce9a65808d6f55ed226,audited_single_model_record_and_source_recovery,1360,89,0,0,0,89,27deb23758c8adf32e6d088a6faf62b72747297afd315a2271149b237db2a756,f5173c55484e96dfdd1ff1b3a07a789e2fd72afd98fffce9a65808d6f55ed226,audited_single_model_record_and_source_recovery
T07_017,1680,12604,0,0,0,12604,c95a624a9a5203404debcb916311b343b9ac8bcf552d11096b546b8a2b04e43c,6d71e1303285bdbfd2ec8eda217c60ec7e7343d4648f7c80285c185a87fc4d7a,audited_single_model_record_and_source_recovery,1680,109,0,0,0,109,27deb23758c8adf32e6d088a6faf62b72747297afd315a2271149b237db2a756,6d71e1303285bdbfd2ec8eda217c60ec7e7343d4648f7c80285c185a87fc4d7a,audited_single_model_record_and_source_recovery
T07_018,1440,10804,0,0,0,10804,c95a624a9a5203404debcb916311b343b9ac8bcf552d11096b546b8a2b04e43c,49ae8f50f8e7cd48ae54bc02009c6bd75714248a9b96ccf4c9a728c552c9a407,audited_single_model_record_and_source_recovery,1440,94,0,0,0,94,27deb23758c8adf32e6d088a6faf62b72747297afd315a2271149b237db2a756,49ae8f50f8e7cd48ae54bc02009c6bd75714248a9b96ccf4c9a728c552c9a407,audited_single_model_record_and_source_recovery
T08_001,2000,30,0,0,0,30,da2bbcc4c57854995dbfe698814f488bdb19015970534b88f51c0e684782bd1d,66aae5105afa4fbe1491b8341a435117ad2e638ba08febb19232d657a8dd74ff,audited_single_model_record_and_source_recovery,3000,3030,0,0,0,3030,19256bbd315b3c73c58f3adff2377cdd712e2e498ac1bba22e327673c65ec5ea,66aae5105afa4fbe1491b8341a435117ad2e638ba08febb19232d657a8dd74ff,audited_single_model_record_and_source_recovery
T08_002,9000,37,3000,0,0,3037,e5680f27e43527eb1f20a380ee4bc5605b063b81e345a2dfd4de3668a2b6c586,ae0677abe167cbf9514f01ae3d1b262cce716dfa4879fb89cf747cac61f50b80,audited_single_model_record_and_source_recovery,9000,9037,0,0,0,9037,8939b5beff53cb30a74baebd05c37b2177bda7f875bcae827524e3400aa1e9b0,ae0677abe167cbf9514f01ae3d1b262cce716dfa4879fb89cf747cac61f50b80,audited_single_model_record_and_source_recovery
T08_003,7500,31,2500,0,0,2531,475f114b5deaaffe8abe15c58cfa6c03f9d465578723cfc9e27b398448c21b69,bd5c261b2106810d0d2730d637cc129755fbde8685fc669f6602dd00eebb5eaf,audited_single_model_record_and_source_recovery,7500,7531,0,0,0,7531,14142a26021629aeabf8fcecacde75e70488709a2c74d42ede2e390b42823bed,bd5c261b2106810d0d2730d637cc129755fbde8685fc669f6602dd00eebb5eaf,audited_single_model_record_and_source_recovery
T08_004,9000,48,3000,0,0,3048,475f114b5deaaffe8abe15c58cfa6c03f9d465578723cfc9e27b398448c21b69,b42bf0c1669c239f4876b32161416e1a25bd71a9a32e5d8c1014cc8045c8add1,audited_single_model_record_and_source_recovery,9000,9048,0,0,0,9048,14142a26021629aeabf8fcecacde75e70488709a2c74d42ede2e390b42823bed,b42bf0c1669c239f4876b32161416e1a25bd71a9a32e5d8c1014cc8045c8add1,audited_single_model_record_and_source_recovery
T08_005,9000,48,3000,0,0,3048,475f114b5deaaffe8abe15c58cfa6c03f9d465578723cfc9e27b398448c21b69,b42bf0c1669c239f4876b32161416e1a25bd71a9a32e5d8c1014cc8045c8add1,audited_single_model_record_and_source_recovery,9000,9048,0,0,0,9048,14142a26021629aeabf8fcecacde75e70488709a2c74d42ede2e390b42823bed,b42bf0c1669c239f4876b32161416e1a25bd71a9a32e5d8c1014cc8045c8add1,audited_single_model_record_and_source_recovery
T08_006,9000,48,3000,0,0,3048,475f114b5deaaffe8abe15c58cfa6c03f9d465578723cfc9e27b398448c21b69,b42bf0c1669c239f4876b32161416e1a25bd71a9a32e5d8c1014cc8045c8add1,audited_single_model_record_and_source_recovery,9000,9048,0,0,0,9048,14142a26021629aeabf8fcecacde75e70488709a2c74d42ede2e390b42823bed,b42bf0c1669c239f4876b32161416e1a25bd71a9a32e5d8c1014cc8045c8add1,audited_single_model_record_and_source_recovery
T08_007,9000,48,3000,0,0,3048,475f114b5deaaffe8abe15c58cfa6c03f9d465578723cfc9e27b398448c21b69,b42bf0c1669c239f4876b32161416e1a25bd71a9a32e5d8c1014cc8045c8add1,audited_single_model_record_and_source_recovery,9000,9048,0,0,0,9048,14142a26021629aeabf8fcecacde75e70488709a2c74d42ede2e390b42823bed,b42bf0c1669c239f4876b32161416e1a25bd71a9a32e5d8c1014cc8045c8add1,audited_single_model_record_and_source_recovery
T08_008,9000,48,3000,0,0,3048,475f114b5deaaffe8abe15c58cfa6c03f9d465578723cfc9e27b398448c21b69,b42bf0c1669c239f4876b32161416e1a25bd71a9a32e5d8c1014cc8045c8add1,audited_single_model_record_and_source_recovery,9000,9048,0,0,0,9048,14142a26021629aeabf8fcecacde75e70488709a2c74d42ede2e390b42823bed,b42bf0c1669c239f4876b32161416e1a25bd71a9a32e5d8c1014cc8045c8add1,audited_single_model_record_and_source_recovery
T08_009,9000,48,3000,0,0,3048,475f114b5deaaffe8abe15c58cfa6c03f9d465578723cfc9e27b398448c21b69,b42bf0c1669c239f4876b32161416e1a25bd71a9a32e5d8c1014cc8045c8add1,audited_single_model_record_and_source_recovery,9000,9048,0,0,0,9048,14142a26021629aeabf8fcecacde75e70488709a2c74d42ede2e390b42823bed,b42bf0c1669c239f4876b32161416e1a25bd71a9a32e5d8c1014cc8045c8add1,audited_single_model_record_and_source_recovery
T08_010,9000,48,3000,0,0,3048,475f114b5deaaffe8abe15c58cfa6c03f9d465578723cfc9e27b398448c21b69,b42bf0c1669c239f4876b32161416e1a25bd71a9a32e5d8c1014cc8045c8add1,audited_single_model_record_and_source_recovery,9000,9048,0,0,0,9048,14142a26021629aeabf8fcecacde75e70488709a2c74d42ede2e390b42823bed,b42bf0c1669c239f4876b32161416e1a25bd71a9a32e5d8c1014cc8045c8add1,audited_single_model_record_and_source_recovery
T08_011,9000,48,3000,0,0,3048,475f114b5deaaffe8abe15c58cfa6c03f9d465578723cfc9e27b398448c21b69,b42bf0c1669c239f4876b32161416e1a25bd71a9a32e5d8c1014cc8045c8add1,audited_single_model_record_and_source_recovery,9000,9048,0,0,0,9048,14142a26021629aeabf8fcecacde75e70488709a2c74d42ede2e390b42823bed,b42bf0c1669c239f4876b32161416e1a25bd71a9a32e5d8c1014cc8045c8add1,audited_single_model_record_and_source_recovery
T08_012,9000,48,3000,0,0,3048,475f114b5deaaffe8abe15c58cfa6c03f9d465578723cfc9e27b398448c21b69,b42bf0c1669c239f4876b32161416e1a25bd71a9a32e5d8c1014cc8045c8add1,audited_single_model_record_and_source_recovery,9000,9048,0,0,0,9048,14142a26021629aeabf8fcecacde75e70488709a2c74d42ede2e390b42823bed,b42bf0c1669c239f4876b32161416e1a25bd71a9a32e5d8c1014cc8045c8add1,audited_single_model_record_and_source_recovery
T08_013,9000,48,3000,0,0,3048,475f114b5deaaffe8abe15c58cfa6c03f9d465578723cfc9e27b398448c21b69,b42bf0c1669c239f4876b32161416e1a25bd71a9a32e5d8c1014cc8045c8add1,audited_single_model_record_and_source_recovery,9000,9048,0,0,0,9048,14142a26021629aeabf8fcecacde75e70488709a2c74d42ede2e390b42823bed,b42bf0c1669c239f4876b32161416e1a25bd71a9a32e5d8c1014cc8045c8add1,audited_single_model_record_and_source_recovery
T08_014,9000,48,3000,0,0,3048,475f114b5deaaffe8abe15c58cfa6c03f9d465578723cfc9e27b398448c21b69,b42bf0c1669c239f4876b32161416e1a25bd71a9a32e5d8c1014cc8045c8add1,audited_single_model_record_and_source_recovery,9000,9048,0,0,0,9048,14142a26021629aeabf8fcecacde75e70488709a2c74d42ede2e390b42823bed,b42bf0c1669c239f4876b32161416e1a25bd71a9a32e5d8c1014cc8045c8add1,audited_single_model_record_and_source_recovery
T08_015,9000,48,3000,0,0,3048,475f114b5deaaffe8abe15c58cfa6c03f9d465578723cfc9e27b398448c21b69,b42bf0c1669c239f4876b32161416e1a25bd71a9a32e5d8c1014cc8045c8add1,audited_single_model_record_and_source_recovery,9000,9048,0,0,0,9048,14142a26021629aeabf8fcecacde75e70488709a2c74d42ede2e390b42823bed,b42bf0c1669c239f4876b32161416e1a25bd71a9a32e5d8c1014cc8045c8add1,audited_single_model_record_and_source_recovery
T08_016,15000,42,5000,0,0,5042,475f114b5deaaffe8abe15c58cfa6c03f9d465578723cfc9e27b398448c21b69,3ee3f4cb467aae930712e2bfb3894baae72f78e7f5b2f4fdd26828ae657ada3e,audited_single_model_record_and_source_recovery,15000,15042,0,0,0,15042,14142a26021629aeabf8fcecacde75e70488709a2c74d42ede2e390b42823bed,3ee3f4cb467aae930712e2bfb3894baae72f78e7f5b2f4fdd26828ae657ada3e,audited_single_model_record_and_source_recovery
T08_017,15000,42,5000,0,0,5042,475f114b5deaaffe8abe15c58cfa6c03f9d465578723cfc9e27b398448c21b69,3ee3f4cb467aae930712e2bfb3894baae72f78e7f5b2f4fdd26828ae657ada3e,audited_single_model_record_and_source_recovery,15000,15042,0,0,0,15042,14142a26021629aeabf8fcecacde75e70488709a2c74d42ede2e390b42823bed,3ee3f4cb467aae930712e2bfb3894baae72f78e7f5b2f4fdd26828ae657ada3e,audited_single_model_record_and_source_recovery
T08_018,15000,42,5000,0,0,5042,475f114b5deaaffe8abe15c58cfa6c03f9d465578723cfc9e27b398448c21b69,3ee3f4cb467aae930712e2bfb3894baae72f78e7f5b2f4fdd26828ae657ada3e,audited_single_model_record_and_source_recovery,15000,15042,0,0,0,15042,14142a26021629aeabf8fcecacde75e70488709a2c74d42ede2e390b42823bed,3ee3f4cb467aae930712e2bfb3894baae72f78e7f5b2f4fdd26828ae657ada3e,audited_single_model_record_and_source_recovery
T08_019,15000,42,5000,0,0,5042,475f114b5deaaffe8abe15c58cfa6c03f9d465578723cfc9e27b398448c21b69,3ee3f4cb467aae930712e2bfb3894baae72f78e7f5b2f4fdd26828ae657ada3e,audited_single_model_record_and_source_recovery,15000,15042,0,0,0,15042,14142a26021629aeabf8fcecacde75e70488709a2c74d42ede2e390b42823bed,3ee3f4cb467aae930712e2bfb3894baae72f78e7f5b2f4fdd26828ae657ada3e,audited_single_model_record_and_source_recovery
T08_020,15000,42,5000,0,0,5042,475f114b5deaaffe8abe15c58cfa6c03f9d465578723cfc9e27b398448c21b69,3ee3f4cb467aae930712e2bfb3894baae72f78e7f5b2f4fdd26828ae657ada3e,audited_single_model_record_and_source_recovery,15000,15042,0,0,0,15042,14142a26021629aeabf8fcecacde75e70488709a2c74d42ede2e390b42823bed,3ee3f4cb467aae930712e2bfb3894baae72f78e7f5b2f4fdd26828ae657ada3e,audited_single_model_record_and_source_recovery
T08_021,15000,42,5000,0,0,5042,475f114b5deaaffe8abe15c58cfa6c03f9d465578723cfc9e27b398448c21b69,3ee3f4cb467aae930712e2bfb3894baae72f78e7f5b2f4fdd26828ae657ada3e,audited_single_model_record_and_source_recovery,15000,15042,0,0,0,15042,14142a26021629aeabf8fcecacde75e70488709a2c74d42ede2e390b42823bed,3ee3f4cb467aae930712e2bfb3894baae72f78e7f5b2f4fdd26828ae657ada3e,audited_single_model_record_and_source_recovery
T08_022,15000,42,5000,0,0,5042,475f114b5deaaffe8abe15c58cfa6c03f9d465578723cfc9e27b398448c21b69,3ee3f4cb467aae930712e2bfb3894baae72f78e7f5b2f4fdd26828ae657ada3e,audited_single_model_record_and_source_recovery,15000,15042,0,0,0,15042,14142a26021629aeabf8fcecacde75e70488709a2c74d42ede2e390b42823bed,3ee3f4cb467aae930712e2bfb3894baae72f78e7f5b2f4fdd26828ae657ada3e,audited_single_model_record_and_source_recovery
T08_023,15000,42,5000,0,0,5042,475f114b5deaaffe8abe15c58cfa6c03f9d465578723cfc9e27b398448c21b69,3ee3f4cb467aae930712e2bfb3894baae72f78e7f5b2f4fdd26828ae657ada3e,audited_single_model_record_and_source_recovery,15000,15042,0,0,0,15042,14142a26021629aeabf8fcecacde75e70488709a2c74d42ede2e390b42823bed,3ee3f4cb467aae930712e2bfb3894baae72f78e7f5b2f4fdd26828ae657ada3e,audited_single_model_record_and_source_recovery
T08_024,15000,42,5000,0,0,5042,475f114b5deaaffe8abe15c58cfa6c03f9d465578723cfc9e27b398448c21b69,3ee3f4cb467aae930712e2bfb3894baae72f78e7f5b2f4fdd26828ae657ada3e,audited_single_model_record_and_source_recovery,15000,15042,0,0,0,15042,14142a26021629aeabf8fcecacde75e70488709a2c74d42ede2e390b42823bed,3ee3f4cb467aae930712e2bfb3894baae72f78e7f5b2f4fdd26828ae657ada3e,audited_single_model_record_and_source_recovery
T08_025,15000,42,5000,0,0,5042,475f114b5deaaffe8abe15c58cfa6c03f9d465578723cfc9e27b398448c21b69,3ee3f4cb467aae930712e2bfb3894baae72f78e7f5b2f4fdd26828ae657ada3e,audited_single_model_record_and_source_recovery,15000,15042,0,0,0,15042,14142a26021629aeabf8fcecacde75e70488709a2c74d42ede2e390b42823bed,3ee3f4cb467aae930712e2bfb3894baae72f78e7f5b2f4fdd26828ae657ada3e,audited_single_model_record_and_source_recovery
T08_026,15000,42,5000,0,0,5042,475f114b5deaaffe8abe15c58cfa6c03f9d465578723cfc9e27b398448c21b69,3ee3f4cb467aae930712e2bfb3894baae72f78e7f5b2f4fdd26828ae657ada3e,audited_single_model_record_and_source_recovery,15000,15042,0,0,0,15042,14142a26021629aeabf8fcecacde75e70488709a2c74d42ede2e390b42823bed,3ee3f4cb467aae930712e2bfb3894baae72f78e7f5b2f4fdd26828ae657ada3e,audited_single_model_record_and_source_recovery
T08_027,15000,42,5000,0,0,5042,475f114b5deaaffe8abe15c58cfa6c03f9d465578723cfc9e27b398448c21b69,3ee3f4cb467aae930712e2bfb3894baae72f78e7f5b2f4fdd26828ae657ada3e,audited_single_model_record_and_source_recovery,15000,15042,0,0,0,15042,14142a26021629aeabf8fcecacde75e70488709a2c74d42ede2e390b42823bed,3ee3f4cb467aae930712e2bfb3894baae72f78e7f5b2f4fdd26828ae657ada3e,audited_single_model_record_and_source_recovery
T08_028,15000,42,5000,0,0,5042,475f114b5deaaffe8abe15c58cfa6c03f9d465578723cfc9e27b398448c21b69,3ee3f4cb467aae930712e2bfb3894baae72f78e7f5b2f4fdd26828ae657ada3e,audited_single_model_record_and_source_recovery,15000,15042,0,0,0,15042,14142a26021629aeabf8fcecacde75e70488709a2c74d42ede2e390b42823bed,3ee3f4cb467aae930712e2bfb3894baae72f78e7f5b2f4fdd26828ae657ada3e,audited_single_model_record_and_source_recovery
T08_029,6420,9846,0,0,0,9846,2d7d1ea574381aca89cac6bf17436539a54b0ade4c89434b03e31968564faf67,98ce28677f0939f664c3c80c2a432fae5f7b7b41b4464071fe65a42cad28821b,audited_single_model_record_and_source_recovery,3240,306,0,0,0,306,c05b2ce24260b3ba1300bd08fc1bf4e9de28cbfbf0804c3ab0607c3ccc90b5e4,98ce28677f0939f664c3c80c2a432fae5f7b7b41b4464071fe65a42cad28821b,audited_single_model_record_and_source_recovery
T08_030,5776,8890,0,0,0,8890,2d7d1ea574381aca89cac6bf17436539a54b0ade4c89434b03e31968564faf67,9365a8f9c42a8d3d78c20a53be5478f8094b7c12b940a755e442b5c8a5b0ddce,audited_single_model_record_and_source_recovery,2912,298,0,0,0,298,c05b2ce24260b3ba1300bd08fc1bf4e9de28cbfbf0804c3ab0607c3ccc90b5e4,9365a8f9c42a8d3d78c20a53be5478f8094b7c12b940a755e442b5c8a5b0ddce,audited_single_model_record_and_source_recovery
T08_031,5778,8877,0,0,0,8877,2d7d1ea574381aca89cac6bf17436539a54b0ade4c89434b03e31968564faf67,396108c171f6c57c1c25e1498effaf60e3a4241983570cbb15de856f35bfb35a,audited_single_model_record_and_source_recovery,2916,291,0,0,0,291,c05b2ce24260b3ba1300bd08fc1bf4e9de28cbfbf0804c3ab0607c3ccc90b5e4,396108c171f6c57c1c25e1498effaf60e3a4241983570cbb15de856f35bfb35a,audited_single_model_record_and_source_recovery
T08_032,6015,9265,0,0,0,9265,2d7d1ea574381aca89cac6bf17436539a54b0ade4c89434b03e31968564faf67,63bebe533d5768da7bed7348e396967a978d99f7cfc146c36285d149a712e392,audited_single_model_record_and_source_recovery,3030,310,0,0,0,310,c05b2ce24260b3ba1300bd08fc1bf4e9de28cbfbf0804c3ab0607c3ccc90b5e4,63bebe533d5768da7bed7348e396967a978d99f7cfc146c36285d149a712e392,audited_single_model_record_and_source_recovery
T08_033,6622,10143,0,0,0,10143,2d7d1ea574381aca89cac6bf17436539a54b0ade4c89434b03e31968564faf67,97e3cada2585be1ac957834e8d046396c0b3ede668e0dbf53759e2a32bf5ff41,audited_single_model_record_and_source_recovery,3344,309,0,0,0,309,c05b2ce24260b3ba1300bd08fc1bf4e9de28cbfbf0804c3ab0607c3ccc90b5e4,97e3cada2585be1ac957834e8d046396c0b3ede668e0dbf53759e2a32bf5ff41,audited_single_model_record_and_source_recovery
T08_034,6020,9236,0,0,0,9236,2d7d1ea574381aca89cac6bf17436539a54b0ade4c89434b03e31968564faf67,14e9f6cf7de26fb647a08b7a8f71e1de2a1a5eb9cf5fc2886b5b266a6902531b,audited_single_model_record_and_source_recovery,3040,296,0,0,0,296,c05b2ce24260b3ba1300bd08fc1bf4e9de28cbfbf0804c3ab0607c3ccc90b5e4,14e9f6cf7de26fb647a08b7a8f71e1de2a1a5eb9cf5fc2886b5b266a6902531b,audited_single_model_record_and_source_recovery
T08_035,12348,18818,0,0,0,18818,2d7d1ea574381aca89cac6bf17436539a54b0ade4c89434b03e31968564faf67,547bed33e0f6273493855a81db6f81f62bbed199a587d10e05cc38b529af779f,audited_single_model_record_and_source_recovery,6216,422,0,0,0,422,c05b2ce24260b3ba1300bd08fc1bf4e9de28cbfbf0804c3ab0607c3ccc90b5e4,547bed33e0f6273493855a81db6f81f62bbed199a587d10e05cc38b529af779f,audited_single_model_record_and_source_recovery
T08_036,14588,22217,0,0,0,22217,2d7d1ea574381aca89cac6bf17436539a54b0ade4c89434b03e31968564faf67,975d3802e0105959bec842149f03ebef2b24a0262ae2ffbcee82e237153517de,audited_single_model_record_and_source_recovery,7336,461,0,0,0,461,c05b2ce24260b3ba1300bd08fc1bf4e9de28cbfbf0804c3ab0607c3ccc90b5e4,975d3802e0105959bec842149f03ebef2b24a0262ae2ffbcee82e237153517de,audited_single_model_record_and_source_recovery
T08_037,14430,21966,0,0,0,21966,2d7d1ea574381aca89cac6bf17436539a54b0ade4c89434b03e31968564faf67,d611ecd4165dbf31c64a3a3ff3a11434250d800f3296ea44b9238bdf5c82a06a,audited_single_model_record_and_source_recovery,7260,456,0,0,0,456,c05b2ce24260b3ba1300bd08fc1bf4e9de28cbfbf0804c3ab0607c3ccc90b5e4,d611ecd4165dbf31c64a3a3ff3a11434250d800f3296ea44b9238bdf5c82a06a,audited_single_model_record_and_source_recovery
T08_038,18030,27426,0,0,0,27426,2d7d1ea574381aca89cac6bf17436539a54b0ade4c89434b03e31968564faf67,1a12cf0fe55acbaa1a29fe69e76d564f202d88593be77f93404a26ceb008381d,audited_single_model_record_and_source_recovery,9060,516,0,0,0,516,c05b2ce24260b3ba1300bd08fc1bf4e9de28cbfbf0804c3ab0607c3ccc90b5e4,1a12cf0fe55acbaa1a29fe69e76d564f202d88593be77f93404a26ceb008381d,audited_single_model_record_and_source_recovery
T08_039,18631,28330,0,0,0,28330,2d7d1ea574381aca89cac6bf17436539a54b0ade4c89434b03e31968564faf67,c6a9c8fa330637383fe4ec5daa2fde0dd716a7157b03d24a461f8cf8e79f9382,audited_single_model_record_and_source_recovery,9362,523,0,0,0,523,c05b2ce24260b3ba1300bd08fc1bf4e9de28cbfbf0804c3ab0607c3ccc90b5e4,c6a9c8fa330637383fe4ec5daa2fde0dd716a7157b03d24a461f8cf8e79f9382,audited_single_model_record_and_source_recovery
T08_040,16830,25606,0,0,0,25606,2d7d1ea574381aca89cac6bf17436539a54b0ade4c89434b03e31968564faf67,7ad9b30e26bb20fcb97818f86b457cca1cd8e51023f9a16c74597cbbdbdf1cfc,audited_single_model_record_and_source_recovery,8460,496,0,0,0,496,c05b2ce24260b3ba1300bd08fc1bf4e9de28cbfbf0804c3ab0607c3ccc90b5e4,7ad9b30e26bb20fcb97818f86b457cca1cd8e51023f9a16c74597cbbdbdf1cfc,audited_single_model_record_and_source_recovery
T08_041,18045,586,0,0,0,586,07eaa75e671e64fe5e633440a83dcf3f630ee591ca1f1ee147ad08ceaf7411fe,6ad5e795f0764a7c6b895261e8bf84b90255be0f158eaa21b9ac8167e9ed7d4f,audited_single_model_record_and_source_recovery,18090,721,0,0,0,721,c05b2ce24260b3ba1300bd08fc1bf4e9de28cbfbf0804c3ab0607c3ccc90b5e4,6ad5e795f0764a7c6b895261e8bf84b90255be0f158eaa21b9ac8167e9ed7d4f,audited_single_model_record_and_source_recovery
T08_042,18045,586,0,0,0,586,07eaa75e671e64fe5e633440a83dcf3f630ee591ca1f1ee147ad08ceaf7411fe,4fb93fb8bc154dbb4a4ddd6aa5a76c64a44d96136efd34f95914804982f827d4,audited_single_model_record_and_source_recovery,18090,721,0,0,0,721,c05b2ce24260b3ba1300bd08fc1bf4e9de28cbfbf0804c3ab0607c3ccc90b5e4,4fb93fb8bc154dbb4a4ddd6aa5a76c64a44d96136efd34f95914804982f827d4,audited_single_model_record_and_source_recovery
T08_043,18942,624,0,0,0,624,07eaa75e671e64fe5e633440a83dcf3f630ee591ca1f1ee147ad08ceaf7411fe,365d5959b6aa51d6333a057b02f89a2003c2ebf46e4cbabae273c23a695619b1,audited_single_model_record_and_source_recovery,18984,750,0,0,0,750,c05b2ce24260b3ba1300bd08fc1bf4e9de28cbfbf0804c3ab0607c3ccc90b5e4,365d5959b6aa51d6333a057b02f89a2003c2ebf46e4cbabae273c23a695619b1,audited_single_model_record_and_source_recovery
T08_044,18103,598,0,0,0,598,07eaa75e671e64fe5e633440a83dcf3f630ee591ca1f1ee147ad08ceaf7411fe,033ca93f0ef83d57da436640ecfa89fdc7b98c4c6315ed578795a8f5eb236504,audited_single_model_record_and_source_recovery,18146,727,0,0,0,727,c05b2ce24260b3ba1300bd08fc1bf4e9de28cbfbf0804c3ab0607c3ccc90b5e4,033ca93f0ef83d57da436640ecfa89fdc7b98c4c6315ed578795a8f5eb236504,audited_single_model_record_and_source_recovery
T08_045,17907,573,0,0,0,573,07eaa75e671e64fe5e633440a83dcf3f630ee591ca1f1ee147ad08ceaf7411fe,c51ca1842dcca955ed046a1a7facb1548d801c4674bc337a4eb55b239569688d,audited_single_model_record_and_source_recovery,17954,714,0,0,0,714,c05b2ce24260b3ba1300bd08fc1bf4e9de28cbfbf0804c3ab0607c3ccc90b5e4,c51ca1842dcca955ed046a1a7facb1548d801c4674bc337a4eb55b239569688d,audited_single_model_record_and_source_recovery
T08_046,16040,566,0,0,0,566,07eaa75e671e64fe5e633440a83dcf3f630ee591ca1f1ee147ad08ceaf7411fe,a1f5079744bc72fe7eddb9490b2e4c1a6214b71b6a0030fcf843bfad87ac26fd,audited_single_model_record_and_source_recovery,16080,686,0,0,0,686,c05b2ce24260b3ba1300bd08fc1bf4e9de28cbfbf0804c3ab0607c3ccc90b5e4,a1f5079744bc72fe7eddb9490b2e4c1a6214b71b6a0030fcf843bfad87ac26fd,audited_single_model_record_and_source_recovery
T09_001,400000,250032,0,0,0,250032,d8634d2e4a90dd7617752119261ebabc32afffcb347001ab5f646cc6d1645c4a,694d31a1f9c6c4bf56d0abdc32fdc67336a38c883b8c2478cb7cefee607a26b3,audited_single_model_record_and_source_recovery,50000,32,0,25000,0,25032,5a1ca9be508754232aff6ef1d9f5c9766caef93b20bf9825bc97c7fec177fd43,694d31a1f9c6c4bf56d0abdc32fdc67336a38c883b8c2478cb7cefee607a26b3,audited_single_model_record_and_source_recovery
T09_002,480000,300032,0,0,0,300032,d8634d2e4a90dd7617752119261ebabc32afffcb347001ab5f646cc6d1645c4a,68a95e6b4f7da2c1da3bf4628715944d81d8ad8893ed3080b0590eaf51a1a6f5,audited_single_model_record_and_source_recovery,60000,32,0,30000,0,30032,5a1ca9be508754232aff6ef1d9f5c9766caef93b20bf9825bc97c7fec177fd43,68a95e6b4f7da2c1da3bf4628715944d81d8ad8893ed3080b0590eaf51a1a6f5,audited_single_model_record_and_source_recovery
T09_003,2100000,1800650,0,0,0,1800650,67eb56a8726f0839f16070195194f4c8f80565dc7957c0c017972ce47dc9ff29,de41c7da00817629ec4b524f1b3e3dd6e84966ea07cd4e75696b191a74f56f0b,audited_single_model_record_and_source_recovery,600000,1200650,0,0,0,1200650,ec53e43d34620fb9a088ac0220445fbd65d163d9680064b0bc6261eef9963ae7,de41c7da00817629ec4b524f1b3e3dd6e84966ea07cd4e75696b191a74f56f0b,audited_single_model_record_and_source_recovery
T09_004,2030000,1740631,0,0,0,1740631,67eb56a8726f0839f16070195194f4c8f80565dc7957c0c017972ce47dc9ff29,7870db0658e23e09fd865490e7793bf032d5dec7c374312b443c791a3ce7559b,audited_single_model_record_and_source_recovery,580000,1160631,0,0,0,1160631,ec53e43d34620fb9a088ac0220445fbd65d163d9680064b0bc6261eef9963ae7,7870db0658e23e09fd865490e7793bf032d5dec7c374312b443c791a3ce7559b,audited_single_model_record_and_source_recovery
T09_005,1995000,1710624,0,0,0,1710624,67eb56a8726f0839f16070195194f4c8f80565dc7957c0c017972ce47dc9ff29,beec07bb215b2a81c0335eaf5875aeabdf2e76156f0f6bf4d925ce695292dabd,audited_single_model_record_and_source_recovery,570000,1140624,0,0,0,1140624,ec53e43d34620fb9a088ac0220445fbd65d163d9680064b0bc6261eef9963ae7,beec07bb215b2a81c0335eaf5875aeabdf2e76156f0f6bf4d925ce695292dabd,audited_single_model_record_and_source_recovery
T09_006,2170000,1860668,0,0,0,1860668,67eb56a8726f0839f16070195194f4c8f80565dc7957c0c017972ce47dc9ff29,82922eecfe9fef245c3091064c2262e4e6d39055acd0c0693b50e5010b384bcf,audited_single_model_record_and_source_recovery,620000,1240668,0,0,0,1240668,ec53e43d34620fb9a088ac0220445fbd65d163d9680064b0bc6261eef9963ae7,82922eecfe9fef245c3091064c2262e4e6d39055acd0c0693b50e5010b384bcf,audited_single_model_record_and_source_recovery
T09_007,2065000,1770642,0,0,0,1770642,67eb56a8726f0839f16070195194f4c8f80565dc7957c0c017972ce47dc9ff29,b9d4e2c12d937c791c3c1184da1704c9a3188541d38fe017d3af5d1374633280,audited_single_model_record_and_source_recovery,590000,1180642,0,0,0,1180642,ec53e43d34620fb9a088ac0220445fbd65d163d9680064b0bc6261eef9963ae7,b9d4e2c12d937c791c3c1184da1704c9a3188541d38fe017d3af5d1374633280,audited_single_model_record_and_source_recovery
T09_008,2135000,1830659,0,0,0,1830659,67eb56a8726f0839f16070195194f4c8f80565dc7957c0c017972ce47dc9ff29,fab87146966b8ba06cf4f79d11204101a43c4aa881188a15e68707593cefdcad,audited_single_model_record_and_source_recovery,610000,1220659,0,0,0,1220659,ec53e43d34620fb9a088ac0220445fbd65d163d9680064b0bc6261eef9963ae7,fab87146966b8ba06cf4f79d11204101a43c4aa881188a15e68707593cefdcad,audited_single_model_record_and_source_recovery
T10_001,96,28,0,0,0,28,5e3c788ce6ebe144ff33721463a1466bb57c8ef406e9e1268f3d9a795900d971,9acadb9953cf7881e28ceb31dda1631d3ca076ee84587c907b6c4c3262d29593,audited_single_model_record_and_source_recovery,1536,748,0,0,0,748,dc4856b6bddc2dc17b7c55b46b3c4caa3723b0d169ce5e075e6facbbce01d3b4,9acadb9953cf7881e28ceb31dda1631d3ca076ee84587c907b6c4c3262d29593,audited_single_model_record_and_source_recovery
T10_002,1936,5548,0,0,0,5548,2ad95362e71b8ec529a80a0c6f4d9d84c3fbbef90ac99f8d8a8f70cd8e044390,968fabc98d7c49204f89fc61609dff065c67107f01da44090a1a82f615ba6457,audited_single_model_record_and_source_recovery,1936,948,0,0,0,948,c7f38f176ab31c5b37dd52b4e38ebbb09bc1cba5829559089a06279f0ed0b935,968fabc98d7c49204f89fc61609dff065c67107f01da44090a1a82f615ba6457,audited_single_model_record_and_source_recovery
T10_003,2104,6030,0,0,0,6030,2e17bcd10b97d76dcd611d20a27ab883ea545a54ac1efbcf63a15fce7f5348be,739a6ba29250cf66f3111d51674ac4562d6bc7b61c5cc87135045b9d3add249e,audited_single_model_record_and_source_recovery,2104,1030,0,0,0,1030,a66aaa18f972455d207355dafe1efd9bab26e714c0e9da8f30378777393bbf17,739a6ba29250cf66f3111d51674ac4562d6bc7b61c5cc87135045b9d3add249e,audited_single_model_record_and_source_recovery
T10_004,2020,5789,0,0,0,5789,2e17bcd10b97d76dcd611d20a27ab883ea545a54ac1efbcf63a15fce7f5348be,640807d233a2f2d59a6f71345d8b5f6001a1e6e12456fb38922ade308412d08e,audited_single_model_record_and_source_recovery,2020,989,0,0,0,989,a66aaa18f972455d207355dafe1efd9bab26e714c0e9da8f30378777393bbf17,640807d233a2f2d59a6f71345d8b5f6001a1e6e12456fb38922ade308412d08e,audited_single_model_record_and_source_recovery
T10_005,2152,6174,0,0,0,6174,96e7c3989423050e89d211737128a253ecf5deba130b566ffe3e8d7424d2d32b,c69b30e643f7cfa2f3d48eeb2ca6d00730e26417b9e84ee7605bd73bdb4c3a12,audited_single_model_record_and_source_recovery,2152,1054,0,0,0,1054,2e015d9b87e984e6fb3a316768c9c8463b40e00012f0ca57765b5804481333e6,c69b30e643f7cfa2f3d48eeb2ca6d00730e26417b9e84ee7605bd73bdb4c3a12,audited_single_model_record_and_source_recovery
T10_006,2056,5886,0,0,0,5886,b0e0a3039b935fa5c74caebc3aee93b5f4bf4990800d1309ccba898102069426,6e27727095a982a3fc6d26495b1ac82dbdcde83bca715e4d65b06185deaefe7d,audited_single_model_record_and_source_recovery,2056,1006,0,0,0,1006,d61f7a91320a6c48fa7c49d4f697247872b0141a9a510137c7e2f16ac9559a5e,6e27727095a982a3fc6d26495b1ac82dbdcde83bca715e4d65b06185deaefe7d,audited_single_model_record_and_source_recovery
T10_007,1984,5692,0,0,0,5692,b0e0a3039b935fa5c74caebc3aee93b5f4bf4990800d1309ccba898102069426,c6547ad78d15462a402f4704baf1e5fb661c2e6fd40d901118a6a2083a7df152,audited_single_model_record_and_source_recovery,1984,972,0,0,0,972,d61f7a91320a6c48fa7c49d4f697247872b0141a9a510137c7e2f16ac9559a5e,c6547ad78d15462a402f4704baf1e5fb661c2e6fd40d901118a6a2083a7df152,audited_single_model_record_and_source_recovery
T10_008,2272,6512,0,0,0,6512,fa234b55b504440dba1c1e4ffe34a58fbf9838151dd90739a8598ffea9dd032e,bab0924c0a2d7a06988095c1f50fc054633b6b32bdc2266ece0ab2c12223c330,audited_single_model_record_and_source_recovery,2272,1112,0,0,0,1112,8fce63768c689566a9526d14bba9f46e341997bb66472ef72d8f88fd9190e0d7,bab0924c0a2d7a06988095c1f50fc054633b6b32bdc2266ece0ab2c12223c330,audited_single_model_record_and_source_recovery
T10_009,2124,6079,0,0,0,6079,b0e0a3039b935fa5c74caebc3aee93b5f4bf4990800d1309ccba898102069426,b9f8fe57dc8e61db7ce75cddd81e9990433149710bc3f02e3bc88e6f00cbe177,audited_single_model_record_and_source_recovery,2124,1039,0,0,0,1039,d61f7a91320a6c48fa7c49d4f697247872b0141a9a510137c7e2f16ac9559a5e,b9f8fe57dc8e61db7ce75cddd81e9990433149710bc3f02e3bc88e6f00cbe177,audited_single_model_record_and_source_recovery
T10_010,2120,6078,0,0,0,6078,96256ec3ca760b7286d88050f37ba9cc3bbb8a13744043427cf3010637d51c51,3e27b9d203e31066361bf390461dfc5323508b91664f1549ee323fbd4b6615c8,audited_single_model_record_and_source_recovery,2120,1038,0,0,0,1038,b30ba6bf38b073fdee3dbc4ba24424c224866ad42daa5cc8f2df2c25b04a0071,3e27b9d203e31066361bf390461dfc5323508b91664f1549ee323fbd4b6615c8,audited_single_model_record_and_source_recovery
T10_011,5472,15606,0,0,0,15606,2ee80a156a5168c83982b3052ee48fb80ed4ba1b744bb2f2349a0483ef3e60b2,7240b1f19d66cae2a8a9b6c6b5e0991d2a7747012e565fca83b29af0113aadc8,audited_single_model_record_and_source_recovery,5472,1782,0,0,0,1782,12fcd77f5d7d8fd11bc78f02bef4989d7eb8d4e44fe80cf8b46c4eaa222170b2,7240b1f19d66cae2a8a9b6c6b5e0991d2a7747012e565fca83b29af0113aadc8,audited_single_model_record_and_source_recovery
T10_012,1950,1875,0,0,0,1875,4391486a81320aeeb040bc6404ff6773670594a3d3a1a699387791ea79d601a4,75a7bfb38ebcf13799f9899174c6414d12ab266b33e71fea6b04523f5650c873,audited_single_model_record_and_source_recovery,1950,765,0,0,0,765,dc2d7de1ce6fc9350a6398f89c9a007612a1080a9b75ef093dc3af8149116b0e,75a7bfb38ebcf13799f9899174c6414d12ab266b33e71fea6b04523f5650c873,audited_single_model_record_and_source_recovery
T10_013,2850,2755,0,0,0,2755,32544deb9fc6013cc35310b5e55e3abc09380891ecc95130c55d7fad8ae40d1d,4c10b525d9fae664c4249bb35f1b1f459551cbc2b1ac1a51fe351d89f8d6adb9,audited_single_model_record_and_source_recovery,2850,1120,0,0,0,1120,e171dcdd52d9a4e4e125f8b12599039a6ed9421a84b9c0e4ef218bcd94a0ec93,4c10b525d9fae664c4249bb35f1b1f459551cbc2b1ac1a51fe351d89f8d6adb9,audited_single_model_record_and_source_recovery
T10_014,2825,2730,0,0,0,2730,32544deb9fc6013cc35310b5e55e3abc09380891ecc95130c55d7fad8ae40d1d,b78c4173aaf2864fb154d1152960cffae797e2219fdafe0401202d54fd54f7e2,audited_single_model_record_and_source_recovery,2825,1110,0,0,0,1110,e171dcdd52d9a4e4e125f8b12599039a6ed9421a84b9c0e4ef218bcd94a0ec93,b78c4173aaf2864fb154d1152960cffae797e2219fdafe0401202d54fd54f7e2,audited_single_model_record_and_source_recovery
T10_015,1936,5548,0,0,0,5548,52741f7f9d6a3abce438aaed375e140fb0367833b34fc18c2df301f43f15df1c,6f1da305844941ad9109c7c70041fd2332a7f4f35c793f070a9c224867673519,audited_single_model_record_and_source_recovery,1936,948,0,0,0,948,0455c0360fb841a20d21c29b3d3ea472f2197db35832ddc068c22ee74b25bcbb,6f1da305844941ad9109c7c70041fd2332a7f4f35c793f070a9c224867673519,audited_single_model_record_and_source_recovery
T10_016,2104,6030,0,0,0,6030,8ad00084125bb51601fefde6519e3e21d20a3f5b26e0fe3684888cb90b82e386,23396fb7b87b4c912e4e665d10a0e8f01001705dfa49bc55a8cc2e4be95729d7,audited_single_model_record_and_source_recovery,2104,1030,0,0,0,1030,2428842d90f482236f22beccafd8d865b19832c902f6d598e7a9d3ee3786f4ca,23396fb7b87b4c912e4e665d10a0e8f01001705dfa49bc55a8cc2e4be95729d7,audited_single_model_record_and_source_recovery
T10_017,2020,5789,0,0,0,5789,bcbd65f2f6c5375d4652ef7dce4307783fffad3bb334629cbd15b3799e7427ec,8424ae99e6f0ff315ab1aee9120ec1b382a3ca7a87d8633d74a26dd9f3e27ed0,audited_single_model_record_and_source_recovery,2020,989,0,0,0,989,65eb99459826d3c739cc1a5065c7129eec438c6c402b50e43620914ca14e3ea7,8424ae99e6f0ff315ab1aee9120ec1b382a3ca7a87d8633d74a26dd9f3e27ed0,audited_single_model_record_and_source_recovery
T10_018,2152,6174,0,0,0,6174,06504aaa9c70efaab3c1351a171bf2713fa895606483a953b468caeddd689106,46a8ed3cb7106708e951e4cb95a667eac4901f9fa3cf68390013c0afc66d93df,audited_single_model_record_and_source_recovery,2152,1054,0,0,0,1054,0d053701eb32bee218d48856e2b14cad2025866225d26f7d3e7a4dc7c5f2582b,46a8ed3cb7106708e951e4cb95a667eac4901f9fa3cf68390013c0afc66d93df,audited_single_model_record_and_source_recovery
T10_019,2056,5886,0,0,0,5886,d743dc391bc2db6cd2cd9a8ee3eefdd01588fc702254dffb34e0f458b58bcf18,1e29d97abab76fb13a310a284110bd731f3af3d621384645c37480a099217c5d,audited_single_model_record_and_source_recovery,2056,1006,0,0,0,1006,0a37013e94dd2d1d26bbe3c2f73b93dbc3871fe4d991620e97f536efc93f9f78,1e29d97abab76fb13a310a284110bd731f3af3d621384645c37480a099217c5d,audited_single_model_record_and_source_recovery
T10_020,1984,5692,0,0,0,5692,6279093fdcef4c2c7bfbb9fca65b5cedb8e3c13e09c3cbda9086e8e57c309717,06b11adec9e0bf9c64a3253490883975e07766d5a987deec2d20aafbf9675f9c,audited_single_model_record_and_source_recovery,1984,972,0,0,0,972,a824696a05737cccfd0e0ba65c864a8d598be4ce03ef6bf2eb790b0a24ee5f62,06b11adec9e0bf9c64a3253490883975e07766d5a987deec2d20aafbf9675f9c,audited_single_model_record_and_source_recovery
T10_021,2272,6512,0,0,0,6512,494b3a13a731bd63460bf5d5f1eeedda3a982c4d8f326ccf6b6d537f955442a1,81d1f6c52999444d9adbdb24617a238dc4e7b44d5de900fbb393164a1652fc3c,audited_single_model_record_and_source_recovery,2272,1112,0,0,0,1112,9f1c47789319ba76b7834f5a6ca8341600bdc1e2014e99400aa96673b2dacf14,81d1f6c52999444d9adbdb24617a238dc4e7b44d5de900fbb393164a1652fc3c,audited_single_model_record_and_source_recovery
T10_022,2124,6079,0,0,0,6079,8c59c0a0da8d482136abd10603d1e61330ab41942cb2dee62c3d42a2f0d734fd,fde2c6df1be466bbff2b8ea478205d84bca3794160c804c31553cdd45dc01504,audited_single_model_record_and_source_recovery,2124,1039,0,0,0,1039,ba840afc0c978189706088d0a65ded25671d1ae5999812d0d5af1da3d0ab7935,fde2c6df1be466bbff2b8ea478205d84bca3794160c804c31553cdd45dc01504,audited_single_model_record_and_source_recovery
T10_023,2120,6078,0,0,0,6078,751841197e9686382adcbf82e88c8edd59f65d8b0256011d5df396471d774d76,eeb6b8bf4fef44d504420162e71f3f1b20182278da02e4b80d4525ef780360a0,audited_single_model_record_and_source_recovery,2120,1038,0,0,0,1038,4677d802d5d82e0e9f7fe1bb9a2f8bc7772d8e2b66e277a5944e00556734b84a,eeb6b8bf4fef44d504420162e71f3f1b20182278da02e4b80d4525ef780360a0,audited_single_model_record_and_source_recovery
T10_024,5472,15606,0,0,0,15606,5832026a904a12c44d95dacf9295efefa08ad79511d9dbc259d730097476ece9,7240b1f19d66cae2a8a9b6c6b5e0991d2a7747012e565fca83b29af0113aadc8,audited_single_model_record_and_source_recovery,5472,1782,0,0,0,1782,259d01c047a6b0fa63a7514ef5a03eac6ad077fe154c6a0e33c19c4bd15002fe,7240b1f19d66cae2a8a9b6c6b5e0991d2a7747012e565fca83b29af0113aadc8,audited_single_model_record_and_source_recovery
T10_025,40000,132002,0,0,0,132002,628aaf07d560a7a56b3e27dc3f3813f79864ba0baf70f7054df3231c5faea920,777ba774fbbf717adf75d49b0018917400d5b80db411e5096957d692d2f9a3dc,audited_single_model_record_and_source_recovery,32000,4002,0,0,0,4002,80ef30cbffd6276a0833c8ec3aa06c4baa91415a5d42e6e39c901f663e432ac5,777ba774fbbf717adf75d49b0018917400d5b80db411e5096957d692d2f9a3dc,audited_single_model_record_and_source_recovery
T10_026,39600,133202,0,0,0,133202,628aaf07d560a7a56b3e27dc3f3813f79864ba0baf70f7054df3231c5faea920,9d6c9ae6a18fdf0739a5b964b9e328a8c1be33bb152d3e51734a30ca94c9e288,audited_single_model_record_and_source_recovery,32400,3602,0,0,0,3602,80ef30cbffd6276a0833c8ec3aa06c4baa91415a5d42e6e39c901f663e432ac5,9d6c9ae6a18fdf0739a5b964b9e328a8c1be33bb152d3e51734a30ca94c9e288,audited_single_model_record_and_source_recovery
T10_027,40800,139402,0,0,0,139402,628aaf07d560a7a56b3e27dc3f3813f79864ba0baf70f7054df3231c5faea920,0edf1ea478a5281fe06eb50765f39e9c885b6cc7bef0cb148d70e6642820ae24,audited_single_model_record_and_source_recovery,34000,3402,0,0,0,3402,80ef30cbffd6276a0833c8ec3aa06c4baa91415a5d42e6e39c901f663e432ac5,0edf1ea478a5281fe06eb50765f39e9c885b6cc7bef0cb148d70e6642820ae24,audited_single_model_record_and_source_recovery
T10_028,41800,140602,0,0,0,140602,628aaf07d560a7a56b3e27dc3f3813f79864ba0baf70f7054df3231c5faea920,23ea21dfcb46f57640f6cf409ad47df07fbf9242ce11d34f733b76bf969236a6,audited_single_model_record_and_source_recovery,34200,3802,0,0,0,3802,80ef30cbffd6276a0833c8ec3aa06c4baa91415a5d42e6e39c901f663e432ac5,23ea21dfcb46f57640f6cf409ad47df07fbf9242ce11d34f733b76bf969236a6,audited_single_model_record_and_source_recovery
T10_029,46800,159902,0,0,0,159902,628aaf07d560a7a56b3e27dc3f3813f79864ba0baf70f7054df3231c5faea920,3476084a2268d86806476116c0b8ff1169cdacea8c00530a7ed10eecdc0e9d3d,audited_single_model_record_and_source_recovery,39000,3902,0,0,0,3902,80ef30cbffd6276a0833c8ec3aa06c4baa91415a5d42e6e39c901f663e432ac5,3476084a2268d86806476116c0b8ff1169cdacea8c00530a7ed10eecdc0e9d3d,audited_single_model_record_and_source_recovery
T10_030,47300,159102,0,0,0,159102,628aaf07d560a7a56b3e27dc3f3813f79864ba0baf70f7054df3231c5faea920,8a6fb4004cf42a2258fe4e793cb3a4eda3636db9f165536c03bdd19b9ba4b920,audited_single_model_record_and_source_recovery,38700,4302,0,0,0,4302,80ef30cbffd6276a0833c8ec3aa06c4baa91415a5d42e6e39c901f663e432ac5,8a6fb4004cf42a2258fe4e793cb3a4eda3636db9f165536c03bdd19b9ba4b920,audited_single_model_record_and_source_recovery
T12_001,120000,8000,0,0,0,8000,93eddf31c949b06d65899b9c8025ef94e51f845836f6f0ae7d92069b5c825d66,18abb481a5565c6b1733b77276b616d17b7834031e37c28a94ed8fd64b8ca560,audited_single_model_record_and_source_recovery,120000,8000,0,0,0,8000,1d8bf8a22cf8beaf8907e339c14a6faa2ff9ee1b6889fc13a85ec428102ea702,18abb481a5565c6b1733b77276b616d17b7834031e37c28a94ed8fd64b8ca560,audited_single_model_record_and_source_recovery
T12_002,46,430000,0,0,0,430000,0a800d11d431a530e5c7ffa395c831d953ba3d566b7fd4c85619bc6d8cd3c0e2,23c9a46d5bb27f493d65e1c6f62b418b4095c7414318059b9683a2bdcdbb3652,audited_single_model_record_and_source_recovery,430000,46,0,0,0,46,0c6230e13de1e91d347e894d56e00abd5f0b334a006c2060b9e41d0adace397b,23c9a46d5bb27f493d65e1c6f62b418b4095c7414318059b9683a2bdcdbb3652,audited_single_model_record_and_source_recovery
T12_003,120000,8000,0,0,0,8000,93eddf31c949b06d65899b9c8025ef94e51f845836f6f0ae7d92069b5c825d66,18abb481a5565c6b1733b77276b616d17b7834031e37c28a94ed8fd64b8ca560,audited_single_model_record_and_source_recovery,120000,8000,0,0,0,8000,1d8bf8a22cf8beaf8907e339c14a6faa2ff9ee1b6889fc13a85ec428102ea702,18abb481a5565c6b1733b77276b616d17b7834031e37c28a94ed8fd64b8ca560,audited_single_model_record_and_source_recovery
T12_004,256003,512000,0,0,0,512000,8cde282e76089463a6373634f1855d6d2fc10004cefe9a14d1e57b8b158413fb,eb7ffdcabbba79fc367e070b4c0658b0a4e0e569e6d2bcedc66d1da8bd3e2496,audited_single_model_record_and_source_recovery,256000,3,0,0,0,3,0e2fbaefcf6307cce05eb177d180dcb317a758586595e088b2a5b1c2157109d3,eb7ffdcabbba79fc367e070b4c0658b0a4e0e569e6d2bcedc66d1da8bd3e2496,audited_single_model_record_and_source_recovery
T12_005,118002,236000,0,0,0,236000,254e0a57e8b0a397685d90f00b1bc7231a77cb9f921a3428a8542d23e2e936d5,f3f1c1803340c1019272d8b51614c6d4680aa6feb4b74789d9ee2e477a7adf38,audited_single_model_record_and_source_recovery,118000,2,0,0,0,2,2234137dc1f0f1c6c66e7ffa32865e4fc9122967f311e884e250474f98915106,f3f1c1803340c1019272d8b51614c6d4680aa6feb4b74789d9ee2e477a7adf38,audited_single_model_record_and_source_recovery
T12_011,130002,260000,0,0,0,260000,5d313d961c154f857b5f8f14a2e6db596e22230676c5980e258bc428c1c5d913,faf1c699a470dc6a36f9f2dd32bcf9ff82f867e048eb6be379dbfe38ec325715,audited_single_model_record_and_source_recovery,130000,2,0,0,0,2,e8733d728cd8f25b9c9da47fde7d72679123e349ed7c258f7db75ceee29d9fa1,faf1c699a470dc6a36f9f2dd32bcf9ff82f867e048eb6be379dbfe38ec325715,audited_single_model_record_and_source_recovery
T13_001,3840000,480001,0,0,0,480001,6f65166ab85a47f03d20e396d6cdd0aab1451bec2a0b008c46cd25ef34dace46,1b35d0cb5a4d6ef900fcbfd7b137f9db9c3c774cc211e8434131064c923b6548,audited_single_model_record_and_source_recovery,480001,3840000,0,0,0,3840000,6e2a1c9cc6c3a154437b7ad9bb3bebc8afaa0e6cbc290d8d91793a3a0609317f,1b35d0cb5a4d6ef900fcbfd7b137f9db9c3c774cc211e8434131064c923b6548,audited_single_model_record_and_source_recovery
T13_002,792000,88001,0,0,0,88001,6f65166ab85a47f03d20e396d6cdd0aab1451bec2a0b008c46cd25ef34dace46,3f4f2f8692762298dd55bc9df94301df47c73ba9d534056dd4ac6f019ba24908,audited_single_model_record_and_source_recovery,88001,792000,0,0,0,792000,6e2a1c9cc6c3a154437b7ad9bb3bebc8afaa0e6cbc290d8d91793a3a0609317f,3f4f2f8692762298dd55bc9df94301df47c73ba9d534056dd4ac6f019ba24908,audited_single_model_record_and_source_recovery
T13_003,960000,96001,0,0,0,96001,6f65166ab85a47f03d20e396d6cdd0aab1451bec2a0b008c46cd25ef34dace46,f51392e4c706e8601297b031f4361328786ade01c739a9c40cb5e64df051ee12,audited_single_model_record_and_source_recovery,96001,960000,0,0,0,960000,6e2a1c9cc6c3a154437b7ad9bb3bebc8afaa0e6cbc290d8d91793a3a0609317f,f51392e4c706e8601297b031f4361328786ade01c739a9c40cb5e64df051ee12,audited_single_model_record_and_source_recovery
T13_005,792000,88001,0,0,0,88001,6f65166ab85a47f03d20e396d6cdd0aab1451bec2a0b008c46cd25ef34dace46,81ed883a0d694a477b0d14ed57da1329f7269fdcaa6acde8b39e5edac5ed066a,audited_single_model_record_and_source_recovery,88001,792000,0,0,0,792000,6e2a1c9cc6c3a154437b7ad9bb3bebc8afaa0e6cbc290d8d91793a3a0609317f,81ed883a0d694a477b0d14ed57da1329f7269fdcaa6acde8b39e5edac5ed066a,audited_single_model_record_and_source_recovery
T13_006,960000,96001,0,0,0,96001,6f65166ab85a47f03d20e396d6cdd0aab1451bec2a0b008c46cd25ef34dace46,cb810d6548f9653af39395562bb5c5e8989014800065fdf79e473e58119ef40e,audited_single_model_record_and_source_recovery,96001,960000,0,0,0,960000,6e2a1c9cc6c3a154437b7ad9bb3bebc8afaa0e6cbc290d8d91793a3a0609317f,cb810d6548f9653af39395562bb5c5e8989014800065fdf79e473e58119ef40e,audited_single_model_record_and_source_recovery
T13_009,600000,120006,0,0,0,120006,b06f73629ee851ae6a22964fed41174ce375e7997b769c6c141bfacc081ed3de,7859ff427e5deec251fe29e0198f1234a621312ba7849fe96c98dc5304a789df,audited_single_model_record_and_source_recovery,120006,600000,0,0,0,600000,65937584d254deea6a102b1d80431d6cab5648d2db5fdcf75c87ba05af33cea2,7859ff427e5deec251fe29e0198f1234a621312ba7849fe96c98dc5304a789df,audited_single_model_record_and_source_recovery
T13_010,200000,40006,0,0,0,40006,b06f73629ee851ae6a22964fed41174ce375e7997b769c6c141bfacc081ed3de,005177c8e40173ab636e619a1c278282e251ffb572de61d4a60039b96c316141,audited_single_model_record_and_source_recovery,40006,200000,0,0,0,200000,65937584d254deea6a102b1d80431d6cab5648d2db5fdcf75c87ba05af33cea2,005177c8e40173ab636e619a1c278282e251ffb572de61d4a60039b96c316141,audited_single_model_record_and_source_recovery
T13_012,180000,36007,0,0,0,36007,b06f73629ee851ae6a22964fed41174ce375e7997b769c6c141bfacc081ed3de,878ea13a95bee6fc4b5500ba18108961c83c538359a7d8ffe99fd7c932e7e1e1,audited_single_model_record_and_source_recovery,36007,180000,0,0,0,180000,65937584d254deea6a102b1d80431d6cab5648d2db5fdcf75c87ba05af33cea2,878ea13a95bee6fc4b5500ba18108961c83c538359a7d8ffe99fd7c932e7e1e1,audited_single_model_record_and_source_recovery
T13_013,200000,40007,0,0,0,40007,b06f73629ee851ae6a22964fed41174ce375e7997b769c6c141bfacc081ed3de,f73fb604fede20a648b43d1b756480bba987c499a8b3848ae06f48ce6545dac3,audited_single_model_record_and_source_recovery,40007,200000,0,0,0,200000,65937584d254deea6a102b1d80431d6cab5648d2db5fdcf75c87ba05af33cea2,f73fb604fede20a648b43d1b756480bba987c499a8b3848ae06f48ce6545dac3,audited_single_model_record_and_source_recovery
T13_014,200000,40006,0,0,0,40006,b06f73629ee851ae6a22964fed41174ce375e7997b769c6c141bfacc081ed3de,0723512b406cd56f0dca3bd8dd6de5d218e6225635599618472221438b5b6785,audited_single_model_record_and_source_recovery,40006,200000,0,0,0,200000,65937584d254deea6a102b1d80431d6cab5648d2db5fdcf75c87ba05af33cea2,0723512b406cd56f0dca3bd8dd6de5d218e6225635599618472221438b5b6785,audited_single_model_record_and_source_recovery
T13_015,480000,96006,0,0,0,96006,b06f73629ee851ae6a22964fed41174ce375e7997b769c6c141bfacc081ed3de,1a9e56b3117c437863721bdb425d79751a4e14ab332f7135e4116f9a86bc9c99,audited_single_model_record_and_source_recovery,96006,480000,0,0,0,480000,65937584d254deea6a102b1d80431d6cab5648d2db5fdcf75c87ba05af33cea2,1a9e56b3117c437863721bdb425d79751a4e14ab332f7135e4116f9a86bc9c99,audited_single_model_record_and_source_recovery
T13_016,650000,130006,0,0,0,130006,b06f73629ee851ae6a22964fed41174ce375e7997b769c6c141bfacc081ed3de,fc7b3c3171c7de6673c1a791f9a9187ca23fa7540ff5e48ecec37495a577d12c,audited_single_model_record_and_source_recovery,130006,650000,0,0,0,650000,65937584d254deea6a102b1d80431d6cab5648d2db5fdcf75c87ba05af33cea2,fc7b3c3171c7de6673c1a791f9a9187ca23fa7540ff5e48ecec37495a577d12c,audited_single_model_record_and_source_recovery
T13_017,650000,130006,0,0,0,130006,b06f73629ee851ae6a22964fed41174ce375e7997b769c6c141bfacc081ed3de,4cdc644b81b6eaad1358bfe57f82bc2b5100799676cd077ef69aec15438539e2,audited_single_model_record_and_source_recovery,130006,650000,0,0,0,650000,65937584d254deea6a102b1d80431d6cab5648d2db5fdcf75c87ba05af33cea2,4cdc644b81b6eaad1358bfe57f82bc2b5100799676cd077ef69aec15438539e2,audited_single_model_record_and_source_recovery
T13_021,650000,130006,0,0,0,130006,b06f73629ee851ae6a22964fed41174ce375e7997b769c6c141bfacc081ed3de,00cca3320a8695b315f4096c7bd1d6a35a7888fd42d701642bd1a27550fff581,audited_single_model_record_and_source_recovery,130006,650000,0,0,0,650000,65937584d254deea6a102b1d80431d6cab5648d2db5fdcf75c87ba05af33cea2,00cca3320a8695b315f4096c7bd1d6a35a7888fd42d701642bd1a27550fff581,audited_single_model_record_and_source_recovery
T13_028,200000,40006,0,0,0,40006,b06f73629ee851ae6a22964fed41174ce375e7997b769c6c141bfacc081ed3de,290a9c84c6a7a7873cfe4c470775fcef9c79ee11cf768e5d88e0984561d1d53a,audited_single_model_record_and_source_recovery,40006,200000,0,0,0,200000,65937584d254deea6a102b1d80431d6cab5648d2db5fdcf75c87ba05af33cea2,290a9c84c6a7a7873cfe4c470775fcef9c79ee11cf768e5d88e0984561d1d53a,audited_single_model_record_and_source_recovery
T15_001,683,511,0,0,0,511,9c9696bc44e0144a55ec8e5245856b425c5ec212d1be611c64e8cc7650463971,b6c30dfc1210801acb375821456427973f489109b90cdef1a8979b6f78083859,complete_replay_per_model_maximum,124,90,0,0,0,90,ba20963cd7fdbc3089b89051ea97d199bd13070e222609d19ef9d9f6067604f9,b6c30dfc1210801acb375821456427973f489109b90cdef1a8979b6f78083859,complete_replay_per_model_maximum
T15_002,1323000,12600,0,0,0,12600,25620e2210efafedba008e0081f871767f8d34bf8f48cf6d0c9ee001c56acaa5,6f4511d000d3770aa878212afbe10c9a3086de07dd95b30512c1033f9b0cc5b0,complete_replay_per_model_maximum,44100,420,0,0,0,420,fa1d097df73608cb6bb6de2965dcc0008fae76168480f2b35c7d27bca463205a,6f4511d000d3770aa878212afbe10c9a3086de07dd95b30512c1033f9b0cc5b0,complete_replay_per_model_maximum
T15_003,1425600,15840,0,0,0,15840,25620e2210efafedba008e0081f871767f8d34bf8f48cf6d0c9ee001c56acaa5,7edc4866e4cb428850847a8f3e64e6cd77937274ecfce886c86351d72023acde,complete_replay_per_model_maximum,32400,360,0,0,0,360,fa1d097df73608cb6bb6de2965dcc0008fae76168480f2b35c7d27bca463205a,7edc4866e4cb428850847a8f3e64e6cd77937274ecfce886c86351d72023acde,complete_replay_per_model_maximum
T15_004,1201696,12784,0,0,0,12784,25620e2210efafedba008e0081f871767f8d34bf8f48cf6d0c9ee001c56acaa5,4fb23815b005ead36f374239a527112b70cb967f0928b6a450f1f7865b0a7634,complete_replay_per_model_maximum,35344,376,0,0,0,376,fa1d097df73608cb6bb6de2965dcc0008fae76168480f2b35c7d27bca463205a,4fb23815b005ead36f374239a527112b70cb967f0928b6a450f1f7865b0a7634,complete_replay_per_model_maximum
T15_005,1355200,12320,0,0,0,12320,25620e2210efafedba008e0081f871767f8d34bf8f48cf6d0c9ee001c56acaa5,ef05008e5442629f7474cb881f01623b4a3c0370896f3f99ecd540cbfea58403,complete_replay_per_model_maximum,48400,440,0,0,0,440,fa1d097df73608cb6bb6de2965dcc0008fae76168480f2b35c7d27bca463205a,ef05008e5442629f7474cb881f01623b4a3c0370896f3f99ecd540cbfea58403,complete_replay_per_model_maximum
T15_006,1339560,21960,0,0,0,21960,25620e2210efafedba008e0081f871767f8d34bf8f48cf6d0c9ee001c56acaa5,8a365f23a226f8c6171afb5c639737019b3f444d2bdcd54f10d61736a0c5e67b,complete_replay_per_model_maximum,14884,244,0,0,0,244,fa1d097df73608cb6bb6de2965dcc0008fae76168480f2b35c7d27bca463205a,8a365f23a226f8c6171afb5c639737019b3f444d2bdcd54f10d61736a0c5e67b,complete_replay_per_model_maximum
T15_007,1345295,22610,0,0,0,22610,25620e2210efafedba008e0081f871767f8d34bf8f48cf6d0c9ee001c56acaa5,cf881b4b4c28b57392d26624516835b421b2d9a71510a21b016471ec9df3b9c8,complete_replay_per_model_maximum,14161,238,0,0,0,238,fa1d097df73608cb6bb6de2965dcc0008fae76168480f2b35c7d27bca463205a,cf881b4b4c28b57392d26624516835b421b2d9a71510a21b016471ec9df3b9c8,complete_replay_per_model_maximum
T15_008,5554500,48300,0,0,0,48300,25620e2210efafedba008e0081f871767f8d34bf8f48cf6d0c9ee001c56acaa5,813e26aac646a7d855b1c65a6ad5d825f72a7df0b0697761ac4fc25e8c278c64,complete_replay_per_model_maximum,52900,460,0,0,0,460,fa1d097df73608cb6bb6de2965dcc0008fae76168480f2b35c7d27bca463205a,813e26aac646a7d855b1c65a6ad5d825f72a7df0b0697761ac4fc25e8c278c64,complete_replay_per_model_maximum
T15_009,5372400,48620,0,0,0,48620,25620e2210efafedba008e0081f871767f8d34bf8f48cf6d0c9ee001c56acaa5,65b9562bbf02ae34963b34c0bd34af19217ae2d01cffcc3d8fa5ce83d9e67348,complete_replay_per_model_maximum,50175,448,0,0,0,448,fa1d097df73608cb6bb6de2965dcc0008fae76168480f2b35c7d27bca463205a,65b9562bbf02ae34963b34c0bd34af19217ae2d01cffcc3d8fa5ce83d9e67348,complete_replay_per_model_maximum
T15_010,1323000,12600,0,0,0,12600,25620e2210efafedba008e0081f871767f8d34bf8f48cf6d0c9ee001c56acaa5,6f31eda84c61df5ef628177dcd9473a8475ec77f574c246b2269b1c6262bc133,complete_replay_per_model_maximum,44100,420,0,0,0,420,fa1d097df73608cb6bb6de2965dcc0008fae76168480f2b35c7d27bca463205a,6f31eda84c61df5ef628177dcd9473a8475ec77f574c246b2269b1c6262bc133,complete_replay_per_model_maximum
T15_012,7366,1186,0,0,0,1186,2f257bf5c5d3c71a19fca3c799a0efed55a1ba1b238425f4d01ba4f7a1b60851,1ddc15eb19d49d2b158ea5327c1c733db1b528ae0386bcf89ad202baf4d1d3fb,audited_single_model_record_and_source_recovery,23800,2020,0,0,0,2020,f5537f1b8e6ccfb56504941720256d1e0bca944559f8b8e52128375e485f64d7,1ddc15eb19d49d2b158ea5327c1c733db1b528ae0386bcf89ad202baf4d1d3fb,audited_single_model_record_and_source_recovery
T15_017,776,583,0,0,0,583,9c9696bc44e0144a55ec8e5245856b425c5ec212d1be611c64e8cc7650463971,73834b375a2aca2044417d7182d4cc76bb4c5726cf0d4fbe1a9696ef45f1089c,complete_replay_per_model_maximum,123,91,0,0,0,91,ba20963cd7fdbc3089b89051ea97d199bd13070e222609d19ef9d9f6067604f9,73834b375a2aca2044417d7182d4cc76bb4c5726cf0d4fbe1a9696ef45f1089c,complete_replay_per_model_maximum
T15_018,215,159,0,0,0,159,f00d8976f045f1027d94c4135f3b3f9505a440367347303d274cd388d8ca9e06,0b064ee8fe0672d3b4d9e18c7d4a40e5e49b850571b70ff437acd97188cf7f1f,complete_replay_per_model_maximum,110,81,0,0,0,81,ad86f61721210a8ff9cbb83791302ba22a40734b28a6065b457007f53c046aea,0b064ee8fe0672d3b4d9e18c7d4a40e5e49b850571b70ff437acd97188cf7f1f,complete_replay_per_model_maximum
T15_019,712,522,0,0,0,522,9c9696bc44e0144a55ec8e5245856b425c5ec212d1be611c64e8cc7650463971,bd6f1e302993182132c56635c816b528b1159b064732e674e1d4e41d24c6563e,complete_replay_per_model_maximum,127,92,0,0,0,92,ba20963cd7fdbc3089b89051ea97d199bd13070e222609d19ef9d9f6067604f9,bd6f1e302993182132c56635c816b528b1159b064732e674e1d4e41d24c6563e,complete_replay_per_model_maximum
T15_021,803,600,0,0,0,600,9c9696bc44e0144a55ec8e5245856b425c5ec212d1be611c64e8cc7650463971,98a64e8accd8b4dfc31237629fd9e386a76cf028f510be07f28508e8304eb2be,complete_replay_per_model_maximum,125,91,0,0,0,91,ba20963cd7fdbc3089b89051ea97d199bd13070e222609d19ef9d9f6067604f9,98a64e8accd8b4dfc31237629fd9e386a76cf028f510be07f28508e8304eb2be,complete_replay_per_model_maximum
T15_022,718,533,0,0,0,533,9c9696bc44e0144a55ec8e5245856b425c5ec212d1be611c64e8cc7650463971,a1e6fd6d721647d0288466d37d063a0286e1e22c6adbf32193a9287fe2af5dff,complete_replay_per_model_maximum,126,95,0,0,0,95,ba20963cd7fdbc3089b89051ea97d199bd13070e222609d19ef9d9f6067604f9,a1e6fd6d721647d0288466d37d063a0286e1e22c6adbf32193a9287fe2af5dff,complete_replay_per_model_maximum
T15_023,705,513,0,0,0,513,f00d8976f045f1027d94c4135f3b3f9505a440367347303d274cd388d8ca9e06,bf1a676701b3b5a63ac440f174ba2a2b86d8e910e3d3e67df0a13a37bbc25437,complete_replay_per_model_maximum,130,93,0,0,0,93,ad86f61721210a8ff9cbb83791302ba22a40734b28a6065b457007f53c046aea,bf1a676701b3b5a63ac440f174ba2a2b86d8e910e3d3e67df0a13a37bbc25437,complete_replay_per_model_maximum
T15_024,818,609,0,0,0,609,9c9696bc44e0144a55ec8e5245856b425c5ec212d1be611c64e8cc7650463971,4d379e36619631954604b75d5536a5d6e096401c0b6c6e40f8fa591ad171677f,complete_replay_per_model_maximum,127,93,0,0,0,93,ba20963cd7fdbc3089b89051ea97d199bd13070e222609d19ef9d9f6067604f9,4d379e36619631954604b75d5536a5d6e096401c0b6c6e40f8fa591ad171677f,complete_replay_per_model_maximum
T15_025,693,501,0,0,0,501,f00d8976f045f1027d94c4135f3b3f9505a440367347303d274cd388d8ca9e06,721b359cabb33e7cb7a5ae54d714205bfdd3d1fe07dd60ded60bac205fa1057b,complete_replay_per_model_maximum,128,91,0,0,0,91,ad86f61721210a8ff9cbb83791302ba22a40734b28a6065b457007f53c046aea,721b359cabb33e7cb7a5ae54d714205bfdd3d1fe07dd60ded60bac205fa1057b,complete_replay_per_model_maximum
T15_026,733,541,0,0,0,541,9c9696bc44e0144a55ec8e5245856b425c5ec212d1be611c64e8cc7650463971,3b446dd5554bb142962e0eb6696b453a2cd1bee4ab8c5e58543587360b32d4aa,complete_replay_per_model_maximum,129,94,0,0,0,94,ba20963cd7fdbc3089b89051ea97d199bd13070e222609d19ef9d9f6067604f9,3b446dd5554bb142962e0eb6696b453a2cd1bee4ab8c5e58543587360b32d4aa,complete_replay_per_model_maximum
T15_027,190,150,0,0,0,150,f00d8976f045f1027d94c4135f3b3f9505a440367347303d274cd388d8ca9e06,64fcd15b72eb149acf083b8b374c069869da6967605d161d4024827ed5ce5203,complete_replay_per_model_maximum,105,85,0,0,0,85,ad86f61721210a8ff9cbb83791302ba22a40734b28a6065b457007f53c046aea,64fcd15b72eb149acf083b8b374c069869da6967605d161d4024827ed5ce5203,complete_replay_per_model_maximum
T15_028,190,150,0,0,0,150,f00d8976f045f1027d94c4135f3b3f9505a440367347303d274cd388d8ca9e06,0a225e7ada840ac88035eb66660c6ac3103415b7f8dd6efdc6754cf5549a877e,complete_replay_per_model_maximum,105,85,0,0,0,85,ad86f61721210a8ff9cbb83791302ba22a40734b28a6065b457007f53c046aea,0a225e7ada840ac88035eb66660c6ac3103415b7f8dd6efdc6754cf5549a877e,complete_replay_per_model_maximum
T15_029,190,150,0,0,0,150,f00d8976f045f1027d94c4135f3b3f9505a440367347303d274cd388d8ca9e06,895c82964f096740fd687c57d2e2ffd04969a154729b45e74d308a9842e0333e,complete_replay_per_model_maximum,105,85,0,0,0,85,ad86f61721210a8ff9cbb83791302ba22a40734b28a6065b457007f53c046aea,895c82964f096740fd687c57d2e2ffd04969a154729b45e74d308a9842e0333e,complete_replay_per_model_maximum
T15_030,190,150,0,0,0,150,f00d8976f045f1027d94c4135f3b3f9505a440367347303d274cd388d8ca9e06,c9d8abe5c66ef4e372cda8b87c04e14ae119006483e95510370e97008a64f17d,complete_replay_per_model_maximum,105,85,0,0,0,85,ad86f61721210a8ff9cbb83791302ba22a40734b28a6065b457007f53c046aea,c9d8abe5c66ef4e372cda8b87c04e14ae119006483e95510370e97008a64f17d,complete_replay_per_model_maximum
T16_001,182757,182700,0,0,0,182700,025278e7fe244f650edf106efbed3da21b22ff814bba5c814285e68cb9cf9147,03de0a00a9a6517fa39c9303f40d0ad6d203360fac4e17b0df93a12726d10d80,complete_replay_per_model_maximum,58,23,0,0,0,23,0fdcd9217408ade91311336a919fd1f318650575191e1fbbdaf1f7ab07ebeae9,03de0a00a9a6517fa39c9303f40d0ad6d203360fac4e17b0df93a12726d10d80,complete_replay_per_model_maximum
T16_002,127448,127400,0,0,0,127400,025278e7fe244f650edf106efbed3da21b22ff814bba5c814285e68cb9cf9147,fdb544956496775d57a22c88d869aea78660e2e17bdd6a8435e12f0cf9f696f4,complete_replay_per_model_maximum,49,21,0,0,0,21,0fdcd9217408ade91311336a919fd1f318650575191e1fbbdaf1f7ab07ebeae9,fdb544956496775d57a22c88d869aea78660e2e17bdd6a8435e12f0cf9f696f4,complete_replay_per_model_maximum
T16_003,410040,410000,0,0,0,410000,616120764b050624b3f784191a170c522cdeb9fb12942750c8b1cda23f8ed17a,651f81283a717dcb3fcb09f0696d8c183a35578ad4c1142aedf9da2dc9f94c40,audited_single_model_record_and_source_recovery,10040,329587,0,0,0,329587,bf1a6c4ac9afaf88f340c0640de49c8c7dd5c077b13bdf8184810b36a72777d1,651f81283a717dcb3fcb09f0696d8c183a35578ad4c1142aedf9da2dc9f94c40,audited_single_model_record_and_source_recovery
T16_004,410040,410000,0,0,0,410000,616120764b050624b3f784191a170c522cdeb9fb12942750c8b1cda23f8ed17a,9d72725fce2b1cecfa90ed15c7020d6e791f4f1e6badf09ada4a0e7738e98454,audited_single_model_record_and_source_recovery,10040,329587,0,0,0,329587,bf1a6c4ac9afaf88f340c0640de49c8c7dd5c077b13bdf8184810b36a72777d1,9d72725fce2b1cecfa90ed15c7020d6e791f4f1e6badf09ada4a0e7738e98454,audited_single_model_record_and_source_recovery
T16_005,378020,24000,0,0,0,24000,d1d289e574e0f526506681a283f9848fcfc0f4e72497c9f5626a7a5436c1e24c,1e9ec98b597296741e4f4a59769ef7d60e34cb401d60951133a96e11e66ee2be,complete_replay_per_model_maximum,378000,24000,0,0,0,24000,8d3957189269903a9b1d7afdfae8654b09b3120008116827fdfd663c15cc885e,1e9ec98b597296741e4f4a59769ef7d60e34cb401d60951133a96e11e66ee2be,complete_replay_per_model_maximum
T16_008,378020,24000,0,0,0,24000,d1d289e574e0f526506681a283f9848fcfc0f4e72497c9f5626a7a5436c1e24c,7197a43b84edc367e3d0f5f1c7320c75dbd6b7b3c9e89ea33ac11119cb798b3d,complete_replay_per_model_maximum,378000,24000,0,0,0,24000,8d3957189269903a9b1d7afdfae8654b09b3120008116827fdfd663c15cc885e,7197a43b84edc367e3d0f5f1c7320c75dbd6b7b3c9e89ea33ac11119cb798b3d,complete_replay_per_model_maximum
T16_009,756020,48000,0,0,0,48000,d1d289e574e0f526506681a283f9848fcfc0f4e72497c9f5626a7a5436c1e24c,202ada36becd469831dfb3fd7940c61aafc0b1c3462023c00564323cb66022ef,complete_replay_per_model_maximum,756000,48000,0,0,0,48000,8d3957189269903a9b1d7afdfae8654b09b3120008116827fdfd663c15cc885e,202ada36becd469831dfb3fd7940c61aafc0b1c3462023c00564323cb66022ef,complete_replay_per_model_maximum
T16_011,378020,24000,0,0,0,24000,d1d289e574e0f526506681a283f9848fcfc0f4e72497c9f5626a7a5436c1e24c,31cd26519094fc8ea15216829f14d8b16b6ab1aac14a1533c1dfa6160fec25b5,complete_replay_per_model_maximum,378000,24000,0,0,0,24000,8d3957189269903a9b1d7afdfae8654b09b3120008116827fdfd663c15cc885e,31cd26519094fc8ea15216829f14d8b16b6ab1aac14a1533c1dfa6160fec25b5,complete_replay_per_model_maximum
T16_013,756020,48000,0,0,0,48000,d1d289e574e0f526506681a283f9848fcfc0f4e72497c9f5626a7a5436c1e24c,3a3be47c171db42b63b018cdbf8a6e0cec162a07e2d672eec497e11f469083e2,complete_replay_per_model_maximum,756000,48000,0,0,0,48000,8d3957189269903a9b1d7afdfae8654b09b3120008116827fdfd663c15cc885e,3a3be47c171db42b63b018cdbf8a6e0cec162a07e2d672eec497e11f469083e2,complete_replay_per_model_maximum
T16_020,756020,48000,0,0,0,48000,d1d289e574e0f526506681a283f9848fcfc0f4e72497c9f5626a7a5436c1e24c,d3fdaba54398ecc83cf30921e5bdec2d80fb82d99d160d960f02d0b8ca5fe08e,complete_replay_per_model_maximum,756000,48000,0,0,0,48000,8d3957189269903a9b1d7afdfae8654b09b3120008116827fdfd663c15cc885e,d3fdaba54398ecc83cf30921e5bdec2d80fb82d99d160d960f02d0b8ca5fe08e,complete_replay_per_model_maximum
T16_021,151102,151050,0,0,0,151050,025278e7fe244f650edf106efbed3da21b22ff814bba5c814285e68cb9cf9147,c628c0cba61a6f22a09e21fb6fdb20fe19bd4bcc309e34c76e6b52f6b4e685f5,complete_replay_per_model_maximum,53,27,0,0,0,27,0fdcd9217408ade91311336a919fd1f318650575191e1fbbdaf1f7ab07ebeae9,c628c0cba61a6f22a09e21fb6fdb20fe19bd4bcc309e34c76e6b52f6b4e685f5,complete_replay_per_model_maximum
T16_023,168055,168000,0,0,0,168000,025278e7fe244f650edf106efbed3da21b22ff814bba5c814285e68cb9cf9147,0ee19ce91354ce953b74d710f27ac2b4edb8f7ece4bdbe31969b4db1506de240,complete_replay_per_model_maximum,56,26,0,0,0,26,0fdcd9217408ade91311336a919fd1f318650575191e1fbbdaf1f7ab07ebeae9,0ee19ce91354ce953b74d710f27ac2b4edb8f7ece4bdbe31969b4db1506de240,complete_replay_per_model_maximum
T16_025,819020,52000,0,0,0,52000,d1d289e574e0f526506681a283f9848fcfc0f4e72497c9f5626a7a5436c1e24c,e83a60b17c6f819821826886a310e7070eb11db765dae6e4d606e21b7c45afc0,complete_replay_per_model_maximum,819000,52000,0,0,0,52000,8d3957189269903a9b1d7afdfae8654b09b3120008116827fdfd663c15cc885e,e83a60b17c6f819821826886a310e7070eb11db765dae6e4d606e21b7c45afc0,complete_replay_per_model_maximum
T17_003,3291379,57,0,0,0,57,cd7daa9f0f3c7e7210ef5a954185b28dd17dd198d03db20cf479e6c8774cab7f,27de2562369e757f9061114d5e2675d1a4b7b5097c2e9eab03ee659a79f49884,existing_replay_pre_solve_attributes,124,57,0,0,0,57,399daf9755bb593469ef156f573489fb60441fde2f042714d8e6952e18f355aa,27de2562369e757f9061114d5e2675d1a4b7b5097c2e9eab03ee659a79f49884,existing_replay_pre_solve_attributes
T17_004,2775495,55,0,0,0,55,cd7daa9f0f3c7e7210ef5a954185b28dd17dd198d03db20cf479e6c8774cab7f,e9d6493ac4fd42d42454d30d8c761f481bd2171cac06eb88b9eb1abb100c06b4,existing_replay_pre_solve_attributes,149,55,0,0,0,55,399daf9755bb593469ef156f573489fb60441fde2f042714d8e6952e18f355aa,e9d6493ac4fd42d42454d30d8c761f481bd2171cac06eb88b9eb1abb100c06b4,existing_replay_pre_solve_attributes
T17_005,3497660,59,0,0,0,59,cd7daa9f0f3c7e7210ef5a954185b28dd17dd198d03db20cf479e6c8774cab7f,bd500157569aa487dd48e636c41153e3ab8cdaba375f76e60124df08176460cc,existing_replay_pre_solve_attributes,124,59,0,0,0,59,399daf9755bb593469ef156f573489fb60441fde2f042714d8e6952e18f355aa,bd500157569aa487dd48e636c41153e3ab8cdaba375f76e60124df08176460cc,existing_replay_pre_solve_attributes
T17_006,2783410,56,0,0,0,56,cd7daa9f0f3c7e7210ef5a954185b28dd17dd198d03db20cf479e6c8774cab7f,e31a052d208650d0248e101788494218d5745da60edaa69332364edafd9c6b50,existing_replay_pre_solve_attributes,129,56,0,0,0,56,399daf9755bb593469ef156f573489fb60441fde2f042714d8e6952e18f355aa,e31a052d208650d0248e101788494218d5745da60edaa69332364edafd9c6b50,existing_replay_pre_solve_attributes
T17_007,3078852,58,0,0,0,58,cd7daa9f0f3c7e7210ef5a954185b28dd17dd198d03db20cf479e6c8774cab7f,7e9a65263e7e7fd0d6455bc9b244df4f083667e53ca919bb01e9f954636445fc,existing_replay_pre_solve_attributes,130,58,0,0,0,58,399daf9755bb593469ef156f573489fb60441fde2f042714d8e6952e18f355aa,7e9a65263e7e7fd0d6455bc9b244df4f083667e53ca919bb01e9f954636445fc,existing_replay_pre_solve_attributes
T18_001,9999,9902,0,0,0,9902,66666c639b5d9cca0f9a5385bd99fd051a7c52804dce3a87d9fd51f6fbcf8218,a8043fe107fca5ab0b30e39ff4e4a9e7a74c66dc1b6a78756c1afd211878b8e5,audited_single_model_record_and_source_recovery,19701,10101,0,0,0,10101,bc25e38cd34708574f81ecb029fd1566d2982e298a2c7cba6c078cc4c23c3b75,a8043fe107fca5ab0b30e39ff4e4a9e7a74c66dc1b6a78756c1afd211878b8e5,audited_single_model_record_and_source_recovery
T18_002,9999,9902,0,0,0,9902,66666c639b5d9cca0f9a5385bd99fd051a7c52804dce3a87d9fd51f6fbcf8218,a8043fe107fca5ab0b30e39ff4e4a9e7a74c66dc1b6a78756c1afd211878b8e5,audited_single_model_record_and_source_recovery,19701,10101,0,0,0,10101,bc25e38cd34708574f81ecb029fd1566d2982e298a2c7cba6c078cc4c23c3b75,a8043fe107fca5ab0b30e39ff4e4a9e7a74c66dc1b6a78756c1afd211878b8e5,audited_single_model_record_and_source_recovery
T18_003,1254400,2240,0,0,0,2240,9e7c1ea0899712c2e06c2e7dfd25239fb8b83554e84de6014acf004ce6f89d24,45ecdabe0f7050dc92cc87487ed862c106648e477799591c8dba894a184a342c,audited_single_model_record_and_source_recovery,1254400,2240,0,0,0,2240,5079b3e2b0898e21e553e7c4b25e46ba5c5c49fe262ab68448a28d669738b115,45ecdabe0f7050dc92cc87487ed862c106648e477799591c8dba894a184a342c,audited_single_model_record_and_source_recovery
T18_004,1254400,2240,0,0,0,2240,9e7c1ea0899712c2e06c2e7dfd25239fb8b83554e84de6014acf004ce6f89d24,7db75cd84c86e1b2cad69758e71ac8ddc80df3f4b63445891937cf723bc74e60,audited_single_model_record_and_source_recovery,1254400,2240,0,0,0,2240,5079b3e2b0898e21e553e7c4b25e46ba5c5c49fe262ab68448a28d669738b115,7db75cd84c86e1b2cad69758e71ac8ddc80df3f4b63445891937cf723bc74e60,audited_single_model_record_and_source_recovery
T18_005,1254400,2240,0,0,0,2240,9e7c1ea0899712c2e06c2e7dfd25239fb8b83554e84de6014acf004ce6f89d24,dd3445e9447f0818848fff7ab53072b69c06d26c72144345047feb532a1ffeec,audited_single_model_record_and_source_recovery,1254400,2240,0,0,0,2240,5079b3e2b0898e21e553e7c4b25e46ba5c5c49fe262ab68448a28d669738b115,dd3445e9447f0818848fff7ab53072b69c06d26c72144345047feb532a1ffeec,audited_single_model_record_and_source_recovery
T18_006,1254400,2240,0,0,0,2240,9e7c1ea0899712c2e06c2e7dfd25239fb8b83554e84de6014acf004ce6f89d24,6ea0ef24cf3a6d29a02638a7a708659d587e454ae044d98e5e9226ca5eeeac32,audited_single_model_record_and_source_recovery,1254400,2240,0,0,0,2240,5079b3e2b0898e21e553e7c4b25e46ba5c5c49fe262ab68448a28d669738b115,6ea0ef24cf3a6d29a02638a7a708659d587e454ae044d98e5e9226ca5eeeac32,audited_single_model_record_and_source_recovery
T18_007,1254400,2240,0,0,0,2240,9e7c1ea0899712c2e06c2e7dfd25239fb8b83554e84de6014acf004ce6f89d24,90fecb6d1fb287410bc0ce05c52108f9c66dfc3aadc2bd262e31ce5e84e0c2fe,audited_single_model_record_and_source_recovery,1254400,2240,0,0,0,2240,5079b3e2b0898e21e553e7c4b25e46ba5c5c49fe262ab68448a28d669738b115,90fecb6d1fb287410bc0ce05c52108f9c66dfc3aadc2bd262e31ce5e84e0c2fe,audited_single_model_record_and_source_recovery
T18_008,1254400,2240,0,0,0,2240,9e7c1ea0899712c2e06c2e7dfd25239fb8b83554e84de6014acf004ce6f89d24,7f44e8a93af1e167b68c14bc035d8949c6182a59f4a0eb7d6fec29aba8fcbcc3,audited_single_model_record_and_source_recovery,1254400,2240,0,0,0,2240,5079b3e2b0898e21e553e7c4b25e46ba5c5c49fe262ab68448a28d669738b115,7f44e8a93af1e167b68c14bc035d8949c6182a59f4a0eb7d6fec29aba8fcbcc3,audited_single_model_record_and_source_recovery
T18_009,1254400,2240,0,0,0,2240,9e7c1ea0899712c2e06c2e7dfd25239fb8b83554e84de6014acf004ce6f89d24,3d8ff998a37bfec6b9a3cc570187e92b8e32d71abaaee71d138ea50c518dfe29,audited_single_model_record_and_source_recovery,1254400,2240,0,0,0,2240,5079b3e2b0898e21e553e7c4b25e46ba5c5c49fe262ab68448a28d669738b115,3d8ff998a37bfec6b9a3cc570187e92b8e32d71abaaee71d138ea50c518dfe29,audited_single_model_record_and_source_recovery
T18_010,1600000,400000,0,0,0,400000,d50ebe30d5ddcb078a66038ceee207b15579ccc7085f5362dd6c2035eef762d9,dea5d1bb1b5ba7098311c4e08577e66cecd9ef10a7e64157216480f889035827,audited_single_model_record_and_source_recovery,1600000,400000,0,0,0,400000,faf6fad7bd37eda2d8a9ab72c2e03893b55a5e0292ebe86b5ddbfd3bb7c359d8,dea5d1bb1b5ba7098311c4e08577e66cecd9ef10a7e64157216480f889035827,audited_single_model_record_and_source_recovery
T18_011,1760000,440000,0,0,0,440000,d50ebe30d5ddcb078a66038ceee207b15579ccc7085f5362dd6c2035eef762d9,6ca81d45b603498e86abd35b42af024ce52b89044af311399ba63969b7c0cc36,audited_single_model_record_and_source_recovery,1760000,440000,0,0,0,440000,faf6fad7bd37eda2d8a9ab72c2e03893b55a5e0292ebe86b5ddbfd3bb7c359d8,6ca81d45b603498e86abd35b42af024ce52b89044af311399ba63969b7c0cc36,audited_single_model_record_and_source_recovery
T18_012,1920000,480000,0,0,0,480000,d50ebe30d5ddcb078a66038ceee207b15579ccc7085f5362dd6c2035eef762d9,8ebfe654a43ffd15afdf2e322d3d2242bffb87af9522d96a5d4c95eac1696a9c,audited_single_model_record_and_source_recovery,1920000,480000,0,0,0,480000,faf6fad7bd37eda2d8a9ab72c2e03893b55a5e0292ebe86b5ddbfd3bb7c359d8,8ebfe654a43ffd15afdf2e322d3d2242bffb87af9522d96a5d4c95eac1696a9c,audited_single_model_record_and_source_recovery
T18_013,2080000,520000,0,0,0,520000,d50ebe30d5ddcb078a66038ceee207b15579ccc7085f5362dd6c2035eef762d9,b5b0e7d393fea0301c378c295f40dd984a656cce7a9a412bbff31bebc1f89d57,audited_single_model_record_and_source_recovery,2080000,520000,0,0,0,520000,faf6fad7bd37eda2d8a9ab72c2e03893b55a5e0292ebe86b5ddbfd3bb7c359d8,b5b0e7d393fea0301c378c295f40dd984a656cce7a9a412bbff31bebc1f89d57,audited_single_model_record_and_source_recovery
T18_014,2240000,560000,0,0,0,560000,d50ebe30d5ddcb078a66038ceee207b15579ccc7085f5362dd6c2035eef762d9,78d293043902aa2001217b1a139c1c03c2d9e13bb155770d49b67c9b7809d19e,audited_single_model_record_and_source_recovery,2240000,560000,0,0,0,560000,faf6fad7bd37eda2d8a9ab72c2e03893b55a5e0292ebe86b5ddbfd3bb7c359d8,78d293043902aa2001217b1a139c1c03c2d9e13bb155770d49b67c9b7809d19e,audited_single_model_record_and_source_recovery
T18_015,4800000,1200000,0,0,0,1200000,d50ebe30d5ddcb078a66038ceee207b15579ccc7085f5362dd6c2035eef762d9,dfca6caf096a157bebf9c315835a9fd7de066d60809518a56b94463203b798cf,audited_single_model_record_and_source_recovery,4800000,1200000,0,0,0,1200000,faf6fad7bd37eda2d8a9ab72c2e03893b55a5e0292ebe86b5ddbfd3bb7c359d8,dfca6caf096a157bebf9c315835a9fd7de066d60809518a56b94463203b798cf,audited_single_model_record_and_source_recovery
T18_016,5200000,1300000,0,0,0,1300000,d50ebe30d5ddcb078a66038ceee207b15579ccc7085f5362dd6c2035eef762d9,0ab7951a9e24aae6d1e4631392ab97ecb04772185593a2344838add07a8abe4f,audited_single_model_record_and_source_recovery,5200000,1300000,0,0,0,1300000,faf6fad7bd37eda2d8a9ab72c2e03893b55a5e0292ebe86b5ddbfd3bb7c359d8,0ab7951a9e24aae6d1e4631392ab97ecb04772185593a2344838add07a8abe4f,audited_single_model_record_and_source_recovery
T18_017,5600000,1400000,0,0,0,1400000,d50ebe30d5ddcb078a66038ceee207b15579ccc7085f5362dd6c2035eef762d9,97f85e85b79bfc2d72026f7bd77627f25b6743142f71ce50d30d58202462fff4,audited_single_model_record_and_source_recovery,5600000,1400000,0,0,0,1400000,faf6fad7bd37eda2d8a9ab72c2e03893b55a5e0292ebe86b5ddbfd3bb7c359d8,97f85e85b79bfc2d72026f7bd77627f25b6743142f71ce50d30d58202462fff4,audited_single_model_record_and_source_recovery
T18_018,6000000,1500000,0,0,0,1500000,d50ebe30d5ddcb078a66038ceee207b15579ccc7085f5362dd6c2035eef762d9,b2bf293cf65d8ba46558d2c8795daa7f1f5e6fe0cf5de9a5325c3bf0168e3a16,audited_single_model_record_and_source_recovery,6000000,1500000,0,0,0,1500000,faf6fad7bd37eda2d8a9ab72c2e03893b55a5e0292ebe86b5ddbfd3bb7c359d8,b2bf293cf65d8ba46558d2c8795daa7f1f5e6fe0cf5de9a5325c3bf0168e3a16,audited_single_model_record_and_source_recovery
T18_019,422500,1300,0,0,0,1300,d9ecc8540d3b5d55cea004765cb12a2009a8616d08d799a2954486056689b54b,de8bea2dee760816b7c64d5350b449b66e52ab84221bf5fb6e1d12fe0b6cb313,audited_single_model_record_and_source_recovery,422500,1300,0,0,0,1300,d222de2a7f95a5b3fad491e5486a902fc7453df3efce854e599385c9b5ffc5ab,de8bea2dee760816b7c64d5350b449b66e52ab84221bf5fb6e1d12fe0b6cb313,audited_single_model_record_and_source_recovery
T18_020,640000,1600,0,0,0,1600,d9ecc8540d3b5d55cea004765cb12a2009a8616d08d799a2954486056689b54b,7d6921fbbdbef8478fc8b701254b325d4264d60207fad4ad0aa3a6e0376732ca,audited_single_model_record_and_source_recovery,640000,1600,0,0,0,1600,d222de2a7f95a5b3fad491e5486a902fc7453df3efce854e599385c9b5ffc5ab,7d6921fbbdbef8478fc8b701254b325d4264d60207fad4ad0aa3a6e0376732ca,audited_single_model_record_and_source_recovery
T18_021,9680000,17600,0,0,0,17600,f89c9b31401bc0c03d7d242d3c17c27cb8afc2b6c6166898bb0abcc59985ad94,2bee31f37cade2e49c3fae565035cd5bb7c44acd766d075c7c8ab914ca997aee,audited_single_model_record_and_source_recovery,9680000,17600,0,0,0,17600,329367ca971e5ce5aa5793502771a6fb2a8ca8108ecdfa418e9b141bc4e46414,2bee31f37cade2e49c3fae565035cd5bb7c44acd766d075c7c8ab914ca997aee,audited_single_model_record_and_source_recovery
T19_001,207616,197536,0,0,0,197536,cf3f0649fca379f2be0337c9b1ecfe0db376bae7e685ecb1fc28a0ca78c02737,b9a6c0ae26380b068c0497a3a2cd9d2435e8b71548eec4edc627ff0fe5273168,audited_single_model_record_and_source_recovery,17280,7200,0,0,0,7200,2e174e88719c2fad82129426103c3905e50383c6f6f719ececc56a6b65e6ba10,b9a6c0ae26380b068c0497a3a2cd9d2435e8b71548eec4edc627ff0fe5273168,audited_single_model_record_and_source_recovery
T19_002,7387,9778,0,0,0,9778,9bbc05018ecd64173a7783cccf2ea36c764a20c685cca2c2d01639b298a233ff,6d71064311b3e606751d445e489bb010eee0de218192d9c3351d1a292e63d8de,audited_single_model_record_and_source_recovery,316,160,0,0,0,160,2aafa1cddcb940d259c15097bdbed452c184ae043b970704a8eaa3375fd1a498,6d71064311b3e606751d445e489bb010eee0de218192d9c3351d1a292e63d8de,audited_single_model_record_and_source_recovery
T19_003,207616,197536,0,0,0,197536,cf3f0649fca379f2be0337c9b1ecfe0db376bae7e685ecb1fc28a0ca78c02737,b9a6c0ae26380b068c0497a3a2cd9d2435e8b71548eec4edc627ff0fe5273168,audited_single_model_record_and_source_recovery,17280,7200,0,0,0,7200,2e174e88719c2fad82129426103c3905e50383c6f6f719ececc56a6b65e6ba10,b9a6c0ae26380b068c0497a3a2cd9d2435e8b71548eec4edc627ff0fe5273168,audited_single_model_record_and_source_recovery
T19_004,7387,9778,0,0,0,9778,330ce7b20d494849496ae16921ac83db4ba8a9e812eb11e8ac5838dc5754ba6f,6d71064311b3e606751d445e489bb010eee0de218192d9c3351d1a292e63d8de,audited_single_model_record_and_source_recovery,316,160,0,0,0,160,f4b8b74ef573632080e7b84fe073a36cc43c9c817bcf87cfe7ad51260017f3f3,6d71064311b3e606751d445e489bb010eee0de218192d9c3351d1a292e63d8de,audited_single_model_record_and_source_recovery
T19_005,2804,5053,0,0,0,5053,12a3660496015058e258ee9be3c5b973473ce0a873eac18ad677132ea11a1dc7,3e702459c908fa145bc595ce9dc64414206e26f6666237b9528b1226ab5f7766,audited_single_model_record_and_source_recovery,330,105,0,0,0,105,01896533b6d60b8a908fddd4ee6ef75b9eff2a36f7d4547c4915969e9dee0737,3e702459c908fa145bc595ce9dc64414206e26f6666237b9528b1226ab5f7766,audited_single_model_record_and_source_recovery
T19_006,92960,92565,0,0,0,92565,4544ffb5a4b6a5ef7e1350624ae7dfc9eb3b59b7a5007eae1c569b368177ec3e,9dcfc7930f9aa0ff82d1ba93761e8089a2515b8e4c86e5ccc0c7d9c67dec81ae,audited_single_model_record_and_source_recovery,560,165,0,0,0,165,01896533b6d60b8a908fddd4ee6ef75b9eff2a36f7d4547c4915969e9dee0737,9dcfc7930f9aa0ff82d1ba93761e8089a2515b8e4c86e5ccc0c7d9c67dec81ae,audited_single_model_record_and_source_recovery
T19_007,99180,98770,0,0,0,98770,4544ffb5a4b6a5ef7e1350624ae7dfc9eb3b59b7a5007eae1c569b368177ec3e,6cd35dcd9bf59f41616a8b6e67af9a3725acb69cb28708adf74dc120cd4d6d1d,audited_single_model_record_and_source_recovery,580,170,0,0,0,170,01896533b6d60b8a908fddd4ee6ef75b9eff2a36f7d4547c4915969e9dee0737,6cd35dcd9bf59f41616a8b6e67af9a3725acb69cb28708adf74dc120cd4d6d1d,audited_single_model_record_and_source_recovery
T19_008,2959,5328,0,0,0,5328,12a3660496015058e258ee9be3c5b973473ce0a873eac18ad677132ea11a1dc7,b2d00b9523bfec89b1665d772fda1d7397a8cd3028acd59b30d9683bc2dce806,audited_single_model_record_and_source_recovery,350,110,0,0,0,110,01896533b6d60b8a908fddd4ee6ef75b9eff2a36f7d4547c4915969e9dee0737,b2d00b9523bfec89b1665d772fda1d7397a8cd3028acd59b30d9683bc2dce806,audited_single_model_record_and_source_recovery
T19_009,99180,98770,0,0,0,98770,4544ffb5a4b6a5ef7e1350624ae7dfc9eb3b59b7a5007eae1c569b368177ec3e,236f3c635ec5a6720bc345be2efaa2ee690ca4a9cd63ef1463e8b243f83c445c,audited_single_model_record_and_source_recovery,580,170,0,0,0,170,01896533b6d60b8a908fddd4ee6ef75b9eff2a36f7d4547c4915969e9dee0737,236f3c635ec5a6720bc345be2efaa2ee690ca4a9cd63ef1463e8b243f83c445c,audited_single_model_record_and_source_recovery
T19_010,3713,6766,0,0,0,6766,12a3660496015058e258ee9be3c5b973473ce0a873eac18ad677132ea11a1dc7,ba427a758a8263ea91c8198878b07158d1b0fa7565ed3dd25ce871aab79e3553,audited_single_model_record_and_source_recovery,390,120,0,0,0,120,01896533b6d60b8a908fddd4ee6ef75b9eff2a36f7d4547c4915969e9dee0737,ba427a758a8263ea91c8198878b07158d1b0fa7565ed3dd25ce871aab79e3553,audited_single_model_record_and_source_recovery
T19_011,3716,6772,0,0,0,6772,12a3660496015058e258ee9be3c5b973473ce0a873eac18ad677132ea11a1dc7,2ea5231203ca671d936aed74ab34fdb4c4cea62c109929fad3d72cf6802bca9d,audited_single_model_record_and_source_recovery,390,120,0,0,0,120,01896533b6d60b8a908fddd4ee6ef75b9eff2a36f7d4547c4915969e9dee0737,2ea5231203ca671d936aed74ab34fdb4c4cea62c109929fad3d72cf6802bca9d,audited_single_model_record_and_source_recovery
T19_012,4102,7509,0,0,0,7509,12a3660496015058e258ee9be3c5b973473ce0a873eac18ad677132ea11a1dc7,7a16109557db1458ed7237bb5b1d618b6a062f4347c9453e973300b3993672f9,audited_single_model_record_and_source_recovery,410,125,0,0,0,125,01896533b6d60b8a908fddd4ee6ef75b9eff2a36f7d4547c4915969e9dee0737,7a16109557db1458ed7237bb5b1d618b6a062f4347c9453e973300b3993672f9,audited_single_model_record_and_source_recovery
T19_013,156140,155610,0,0,0,155610,4544ffb5a4b6a5ef7e1350624ae7dfc9eb3b59b7a5007eae1c569b368177ec3e,051b778e0bf8f8cc1134a2019b89e72c98e55957940a8af9c407f463149f1aa7,audited_single_model_record_and_source_recovery,740,210,0,0,0,210,01896533b6d60b8a908fddd4ee6ef75b9eff2a36f7d4547c4915969e9dee0737,051b778e0bf8f8cc1134a2019b89e72c98e55957940a8af9c407f463149f1aa7,audited_single_model_record_and_source_recovery
T19_014,4260,7790,0,0,0,7790,12a3660496015058e258ee9be3c5b973473ce0a873eac18ad677132ea11a1dc7,39e56738d0487f312042c38ff640ab73b75ba313ade80126513feea81fa323bc,audited_single_model_record_and_source_recovery,430,130,0,0,0,130,01896533b6d60b8a908fddd4ee6ef75b9eff2a36f7d4547c4915969e9dee0737,39e56738d0487f312042c38ff640ab73b75ba313ade80126513feea81fa323bc,audited_single_model_record_and_source_recovery
T20_001,96040,97280,0,0,0,97280,ea23f72a27f40a63e47b9eebaba6398ab058c969a8f2174bdf03b07fe91eacfe,ec69cba34d403e634d4d5d8dc9812fc6688cf919d654880f1e46d786e0e03d61,audited_single_model_record_and_source_recovery,96040,97280,0,0,0,97280,4a670ca635452b725d1ff2724e4275bbac10df26c58ff80d5992e7b1d659c4f6,ec69cba34d403e634d4d5d8dc9812fc6688cf919d654880f1e46d786e0e03d61,audited_single_model_record_and_source_recovery
T20_002,1904640,952320,0,0,0,952320,ba4d6be684a9bfebf2e9d66ca95f4896b6294da66b066cb2048663c73e2b9dc0,0b8d74b4e8661bfc0563e95b65951047dc8ec18e8dac72b5958049ae46a4c0fa,audited_single_model_record_and_source_recovery,1904640,952320,0,0,0,952320,0bf9d21da093f47bef8f1ce8c41ec4ac9308059a1e25f96dd9cbf51d061c6c92,0b8d74b4e8661bfc0563e95b65951047dc8ec18e8dac72b5958049ae46a4c0fa,audited_single_model_record_and_source_recovery
T20_003,160000,1640040,0,0,0,1640040,b86a9de51dd62dec4463ad0a1dadcbee63ef4950cb8ec220757d877414fe890d,dcd1c49d4c069f6c9e99a35a2b2a108fd21d8486bf907915c6c979bb60306c67,audited_single_model_record_and_source_recovery,160000,158040,0,0,0,158040,ecc91d07b1d609c8566649f291360281db2527827d9de83628ed6adb38ee002b,dcd1c49d4c069f6c9e99a35a2b2a108fd21d8486bf907915c6c979bb60306c67,audited_single_model_record_and_source_recovery
T20_004,899972,899972,0,0,0,899972,e58300f0724ca42035e5931607ef83ae4076c325e5e2e1cdd4e176b3ee2e21c8,765ab6d83b957782455fc8486a0cbbecf420376e6bab86a7efd3b87dab95e691,audited_single_model_record_and_source_recovery,100000,100000,0,0,0,100000,72b55be1be8dd1f64ecdb99613a23e1ec5969e4cab9dee1f3202349860ebc0cc,765ab6d83b957782455fc8486a0cbbecf420376e6bab86a7efd3b87dab95e691,audited_single_model_record_and_source_recovery
T20_005,148800,1190431,0,0,0,1190431,b86a9de51dd62dec4463ad0a1dadcbee63ef4950cb8ec220757d877414fe890d,6b148ed8ff9ffc0d4e77166680f4318c7f132dd07dc5be1acb658587aa85f587,audited_single_model_record_and_source_recovery,148800,146431,0,0,0,146431,ecc91d07b1d609c8566649f291360281db2527827d9de83628ed6adb38ee002b,6b148ed8ff9ffc0d4e77166680f4318c7f132dd07dc5be1acb658587aa85f587,audited_single_model_record_and_source_recovery
T20_006,345600,1022400,0,0,0,1022400,03cf47131297d2cc34112007bfe422b289f122b6ba2354b5280f4615c70bd928,7a930b887d9f54d1788d3479b3aa5c0c0356796681163aaab6cfc686dd1c2f5e,audited_single_model_record_and_source_recovery,345600,494400,0,0,0,494400,12e489d6f2e391d3b079f291c4228e93ed0cadb90636838b0dd33ef60faf310e,7a930b887d9f54d1788d3479b3aa5c0c0356796681163aaab6cfc686dd1c2f5e,audited_single_model_record_and_source_recovery
T20_007,80032,81314,0,0,0,81314,bafdf7ba1ac3201d9c4b62020184cd7b1b5f5b9ebedd91fe66629cc033c71c16,fe38271bde49515f3c03a31c392e4532136b92674750e8754711fd735eea017e,audited_single_model_record_and_source_recovery,80032,81314,0,0,0,81314,38110534eb2853abb6cbf9eaaca650f9ce21f0b483d1b404a1b19e0df9c7a221,fe38271bde49515f3c03a31c392e4532136b92674750e8754711fd735eea017e,audited_single_model_record_and_source_recovery
T20_008,73632,74814,0,0,0,74814,bafdf7ba1ac3201d9c4b62020184cd7b1b5f5b9ebedd91fe66629cc033c71c16,b8a0fbbe49d9512a720804c810e249a5d917814c9478494b18679b9393879b81,audited_single_model_record_and_source_recovery,73632,74814,0,0,0,74814,38110534eb2853abb6cbf9eaaca650f9ce21f0b483d1b404a1b19e0df9c7a221,b8a0fbbe49d9512a720804c810e249a5d917814c9478494b18679b9393879b81,audited_single_model_record_and_source_recovery
T20_009,96040,97280,0,0,0,97280,bafdf7ba1ac3201d9c4b62020184cd7b1b5f5b9ebedd91fe66629cc033c71c16,86090aa8edf2b48847784169bcdd62ed63ba69fae0fe098408aac28a1b2ae038,audited_single_model_record_and_source_recovery,96040,97280,0,0,0,97280,38110534eb2853abb6cbf9eaaca650f9ce21f0b483d1b404a1b19e0df9c7a221,86090aa8edf2b48847784169bcdd62ed63ba69fae0fe098408aac28a1b2ae038,audited_single_model_record_and_source_recovery
T20_010,909625,909625,0,0,0,909625,2e79943deb42e520f73d560a1c501c3662435b795ebf2cba5d049769f7605712,f8c9f769605948ee044e62e4d7200fa78c07e1a669fedea60dcbe5243b231f4f,audited_single_model_record_and_source_recovery,130000,130000,0,0,0,130000,eb76e4c84c0979e11aef279677d2282d0d14851b1a9d96a5182cc6b00dc392a9,f8c9f769605948ee044e62e4d7200fa78c07e1a669fedea60dcbe5243b231f4f,audited_single_model_record_and_source_recovery
T20_011,1119930,1119930,0,0,0,1119930,2e79943deb42e520f73d560a1c501c3662435b795ebf2cba5d049769f7605712,408a53b5f604680c8138a46877f4e6050b940860342595a48e6a9fffad7e93a2,audited_single_model_record_and_source_recovery,140000,140000,0,0,0,140000,eb76e4c84c0979e11aef279677d2282d0d14851b1a9d96a5182cc6b00dc392a9,408a53b5f604680c8138a46877f4e6050b940860342595a48e6a9fffad7e93a2,audited_single_model_record_and_source_recovery
T20_012,1441140,1441140,0,0,0,1441140,2e79943deb42e520f73d560a1c501c3662435b795ebf2cba5d049769f7605712,31e9e8901f92c4e74e335db2993d7fc875ec52a37f378686bf947e10b1289cd3,audited_single_model_record_and_source_recovery,160000,160000,0,0,0,160000,eb76e4c84c0979e11aef279677d2282d0d14851b1a9d96a5182cc6b00dc392a9,31e9e8901f92c4e74e335db2993d7fc875ec52a37f378686bf947e10b1289cd3,audited_single_model_record_and_source_recovery
T20_013,1620420,1620420,0,0,0,1620420,2e79943deb42e520f73d560a1c501c3662435b795ebf2cba5d049769f7605712,332b637a58e2e007c52deb1734b1db9a71cbbf530cda4b19dfc5930af9ad03ef,audited_single_model_record_and_source_recovery,180000,180000,0,0,0,180000,eb76e4c84c0979e11aef279677d2282d0d14851b1a9d96a5182cc6b00dc392a9,332b637a58e2e007c52deb1734b1db9a71cbbf530cda4b19dfc5930af9ad03ef,audited_single_model_record_and_source_recovery
T20_014,1999174,1999174,0,0,0,1999174,2e79943deb42e520f73d560a1c501c3662435b795ebf2cba5d049769f7605712,3a0230281e3139486d0566cf41dc7f76471bda0a38ff099ef4ddf669c2dcca74,audited_single_model_record_and_source_recovery,200000,200000,0,0,0,200000,eb76e4c84c0979e11aef279677d2282d0d14851b1a9d96a5182cc6b00dc392a9,3a0230281e3139486d0566cf41dc7f76471bda0a38ff099ef4ddf669c2dcca74,audited_single_model_record_and_source_recovery
T20_015,12419996,1610000,0,0,0,1610000,1f0a8d4e87311558c4c003963d6cc71cd15cf4ac2bd0b33721561a3555ed767b,cff96a86f87dec2f684b9107f378445673ac2f9faec5e0d5e375e4720bbae013,audited_single_model_record_and_source_recovery,920000,690000,0,0,0,690000,2aa4f11480d430d20c80916e3c9a6179f2c53d752766a2466608f0d200b06a41,cff96a86f87dec2f684b9107f378445673ac2f9faec5e0d5e375e4720bbae013,audited_single_model_record_and_source_recovery
T20_016,14455000,1715000,0,0,0,1715000,1f0a8d4e87311558c4c003963d6cc71cd15cf4ac2bd0b33721561a3555ed767b,778b1cf742b9fbf30ed609a3d197b521e3505ed8bb0d9e4396d2cce9b2497788,audited_single_model_record_and_source_recovery,980000,735000,0,0,0,735000,2aa4f11480d430d20c80916e3c9a6179f2c53d752766a2466608f0d200b06a41,778b1cf742b9fbf30ed609a3d197b521e3505ed8bb0d9e4396d2cce9b2497788,audited_single_model_record_and_source_recovery
T20_017,9099992,1820000,0,0,0,1820000,1f0a8d4e87311558c4c003963d6cc71cd15cf4ac2bd0b33721561a3555ed767b,584dcfe4441c5b8680a152694ee40ecb35dd51bb9aa2b266251b3b1227e4ba2c,audited_single_model_record_and_source_recovery,1040000,780000,0,0,0,780000,2aa4f11480d430d20c80916e3c9a6179f2c53d752766a2466608f0d200b06a41,584dcfe4441c5b8680a152694ee40ecb35dd51bb9aa2b266251b3b1227e4ba2c,audited_single_model_record_and_source_recovery
T20_018,12649996,1925000,0,0,0,1925000,1f0a8d4e87311558c4c003963d6cc71cd15cf4ac2bd0b33721561a3555ed767b,ab3ff4c18848c56693055b9079735da390259daa6add943f8a1fa0cf73c3bac9,audited_single_model_record_and_source_recovery,1100000,825000,0,0,0,825000,2aa4f11480d430d20c80916e3c9a6179f2c53d752766a2466608f0d200b06a41,ab3ff4c18848c56693055b9079735da390259daa6add943f8a1fa0cf73c3bac9,audited_single_model_record_and_source_recovery
T20_019,14790000,2030000,0,0,0,2030000,1f0a8d4e87311558c4c003963d6cc71cd15cf4ac2bd0b33721561a3555ed767b,12fa00cdc8c3ab91c053c571f438cbda3cf53ad1999c359b7916c48ec5f36a56,audited_single_model_record_and_source_recovery,1160000,870000,0,0,0,870000,2aa4f11480d430d20c80916e3c9a6179f2c53d752766a2466608f0d200b06a41,12fa00cdc8c3ab91c053c571f438cbda3cf53ad1999c359b7916c48ec5f36a56,audited_single_model_record_and_source_recovery
T20_020,60750,132535,0,0,0,132535,247966d42f9e2665912b1346419aa1538b107ec59fdd6082a3e24ef87dc1f968,e8b35382d88c60584eb54997d1b473c6d04e9ff9844d70ee7228c3b6e062f540,audited_single_model_record_and_source_recovery,60750,59635,0,0,0,59635,3c8cc0ad67745fb6165e5e950d8b188bbf2353f763c09074dbbde8bc2851fbb2,e8b35382d88c60584eb54997d1b473c6d04e9ff9844d70ee7228c3b6e062f540,audited_single_model_record_and_source_recovery
T20_021,60750,132535,0,0,0,132535,247966d42f9e2665912b1346419aa1538b107ec59fdd6082a3e24ef87dc1f968,080012ef6b4fccfc698b78c256f97d30be94880742e86f42f7d69a2f443bac00,audited_single_model_record_and_source_recovery,60750,59635,0,0,0,59635,3c8cc0ad67745fb6165e5e950d8b188bbf2353f763c09074dbbde8bc2851fbb2,080012ef6b4fccfc698b78c256f97d30be94880742e86f42f7d69a2f443bac00,audited_single_model_record_and_source_recovery
T20_022,60750,132535,0,0,0,132535,247966d42f9e2665912b1346419aa1538b107ec59fdd6082a3e24ef87dc1f968,d7c76ab2a73190817b96aaf45b12ef4fd138ca04baf0da0fc2e0d6c320172ede,audited_single_model_record_and_source_recovery,60750,59635,0,0,0,59635,3c8cc0ad67745fb6165e5e950d8b188bbf2353f763c09074dbbde8bc2851fbb2,d7c76ab2a73190817b96aaf45b12ef4fd138ca04baf0da0fc2e0d6c320172ede,audited_single_model_record_and_source_recovery
T20_023,96000,211280,0,0,0,211280,247966d42f9e2665912b1346419aa1538b107ec59fdd6082a3e24ef87dc1f968,61d836e545744e1e29da7b2bece24dc4b47ba02314ee00d7d120361621545523,audited_single_model_record_and_source_recovery,96000,96080,0,0,0,96080,3c8cc0ad67745fb6165e5e950d8b188bbf2353f763c09074dbbde8bc2851fbb2,61d836e545744e1e29da7b2bece24dc4b47ba02314ee00d7d120361621545523,audited_single_model_record_and_source_recovery
T20_024,57050,204050,0,0,0,204050,24a90b6d9a87d322315fd013d3be31edd758b5d4de44d1f228a18c02d171da19,154427bfdbfba2f580b419080826c6926f3e27941a9db029bedf2516b8d24275,audited_single_model_record_and_source_recovery,12050,47930,0,0,0,47930,15d67a2ec815c85a4be85b72ae69a8169cc7a7c86dac158e4c5a297cdd1235da,154427bfdbfba2f580b419080826c6926f3e27941a9db029bedf2516b8d24275,audited_single_model_record_and_source_recovery
T20_025,90060,355560,0,0,0,355560,38c96a25be189f6a1c8df1018de0ba7c9d09c0a4d4bb23a60decb4960bbc56dd,e3cba3205e106b20d7007569e42eb57507395bf87b030e9754b66538b078d495,audited_single_model_record_and_source_recovery,18060,74910,0,0,0,74910,c66b8e059d38a85dac9444284672bd153f6d9a01b3b454575505c9e2e5045768,e3cba3205e106b20d7007569e42eb57507395bf87b030e9754b66538b078d495,audited_single_model_record_and_source_recovery
T20_026,90060,355560,0,0,0,355560,918353cdca029b4134489f82042c1ea66188173cb5d771b4bd535da0cf6a66e8,63f73a9be11f7ccd19eb3222329262fc97a7fd4d576bd6c1c631a90935822bc8,audited_single_model_record_and_source_recovery,18060,74910,0,0,0,74910,10ba6fa5f606193f73f297afb05298a236a02a98553f0a4e250160136d5da97b,63f73a9be11f7ccd19eb3222329262fc97a7fd4d576bd6c1c631a90935822bc8,audited_single_model_record_and_source_recovery
T20_027,150000,1350150,0,0,0,1350150,12818e48313bba7bb27f55e6185bd3965d65f0c6626cf7e0515f456215b788d3,bf2d8349d0e40a9ebc9f7334338052bc83322029d24c26474251b9fc0458660a,audited_single_model_record_and_source_recovery,150000,174150,0,0,0,174150,c34ecaf7245a9fc7564355a637f2e5df397f22d89f402434dbbc14e1af521487,bf2d8349d0e40a9ebc9f7334338052bc83322029d24c26474251b9fc0458660a,audited_single_model_record_and_source_recovery
T20_028,176400,1352526,0,0,0,1352526,bc3ffb18cac8c7f1d37d7fb108b3d5fb01edb6228ec4694f4010a2b008660eab,27eb9be2ecf73720e48564e073de54134904c847d4eef7ac81fd0aef795a3990,audited_single_model_record_and_source_recovery,176400,204526,0,0,0,204526,c34ecaf7245a9fc7564355a637f2e5df397f22d89f402434dbbc14e1af521487,27eb9be2ecf73720e48564e073de54134904c847d4eef7ac81fd0aef795a3990,audited_single_model_record_and_source_recovery
T20_029,3648,8200,0,0,0,8200,c43b93b3b7e66043e972194741896b795426ac753e7fc8faae757bbcce6bf710,3f012f18676042a60d94cc24411896f23678b45c5e64700884a55cda585a2bd9,audited_single_model_record_and_source_recovery,3648,5008,0,0,0,5008,83d58203b2692183d434d1168ddcfc714fa7583ca2d8b8f40fd38fdaf936bd16,3f012f18676042a60d94cc24411896f23678b45c5e64700884a55cda585a2bd9,audited_single_model_record_and_source_recovery
T20_030,8442,114702,0,0,0,114702,4a5f148767c412b39fb3ab21d278b73dc244d0e2b4f45c61f4627c71de1163f4,a80b09df15ce7edfee31ff6baa2abc054bcd41709e2eb72a53f3edb5496a2639,audited_single_model_record_and_source_recovery,8442,32702,0,0,0,32702,bd372927bced37e8a6c9bdec10e0619b3371866d339e502a0ae260228c268c00,a80b09df15ce7edfee31ff6baa2abc054bcd41709e2eb72a53f3edb5496a2639,audited_single_model_record_and_source_recovery
T20_031,288000,948000,0,0,0,948000,5ec224e09178e36203cfd10121e9ce9ab454ca81f55dfd952d1639f0f7a9576a,37ef1b48f5cbc7dfc5847f1838f969c30db37db0ff9b7e57aac24d8ffd126bd4,audited_single_model_record_and_source_recovery,288000,508000,0,0,0,508000,e6b2667af9f7a5bbe4c25a935f5100b6b227ff596bbfef5d7982bdc1d5cd1433,37ef1b48f5cbc7dfc5847f1838f969c30db37db0ff9b7e57aac24d8ffd126bd4,audited_single_model_record_and_source_recovery
T20_032,9196,129580,0,0,0,129580,4a5f148767c412b39fb3ab21d278b73dc244d0e2b4f45c61f4627c71de1163f4,7d561bccf2af61fdde11829228fe62ef7db122a2586d6bf661861550bade436a,audited_single_model_record_and_source_recovery,9196,35668,0,0,0,35668,bd372927bced37e8a6c9bdec10e0619b3371866d339e502a0ae260228c268c00,7d561bccf2af61fdde11829228fe62ef7db122a2586d6bf661861550bade436a,audited_single_model_record_and_source_recovery
T20_033,9982,145682,0,0,0,145682,4a5f148767c412b39fb3ab21d278b73dc244d0e2b4f45c61f4627c71de1163f4,cfdbb6624dd9e0b59e4f411b5c6bc04af37e09b9e483eeb74fbae4ace1fdcfc6,audited_single_model_record_and_source_recovery,9982,38762,0,0,0,38762,bd372927bced37e8a6c9bdec10e0619b3371866d339e502a0ae260228c268c00,cfdbb6624dd9e0b59e4f411b5c6bc04af37e09b9e483eeb74fbae4ace1fdcfc6,audited_single_model_record_and_source_recovery
T20_034,10800,163056,0,0,0,163056,4a5f148767c412b39fb3ab21d278b73dc244d0e2b4f45c61f4627c71de1163f4,51eac3ee5418afa57db38a321e500d9fee19c9f56b89c9a017ac93ff11e13d18,audited_single_model_record_and_source_recovery,10800,41984,0,0,0,41984,bd372927bced37e8a6c9bdec10e0619b3371866d339e502a0ae260228c268c00,51eac3ee5418afa57db38a321e500d9fee19c9f56b89c9a017ac93ff11e13d18,audited_single_model_record_and_source_recovery
T20_035,11650,181750,0,0,0,181750,4a5f148767c412b39fb3ab21d278b73dc244d0e2b4f45c61f4627c71de1163f4,ae3c14c617274b92d9541474033376fcb3abd9deb5325c6159b03e69c4124832,audited_single_model_record_and_source_recovery,11650,45334,0,0,0,45334,bd372927bced37e8a6c9bdec10e0619b3371866d339e502a0ae260228c268c00,ae3c14c617274b92d9541474033376fcb3abd9deb5325c6159b03e69c4124832,audited_single_model_record_and_source_recovery
T20_036,3648,8200,0,0,0,8200,c43b93b3b7e66043e972194741896b795426ac753e7fc8faae757bbcce6bf710,49ff72cbfa713bf6499df012ae9ea191cc47a8209dd8a9905013d391d2aee029,audited_single_model_record_and_source_recovery,3648,5008,0,0,0,5008,83d58203b2692183d434d1168ddcfc714fa7583ca2d8b8f40fd38fdaf936bd16,49ff72cbfa713bf6499df012ae9ea191cc47a8209dd8a9905013d391d2aee029,audited_single_model_record_and_source_recovery
T20_037,3648,6984,0,0,0,6984,cd784ac224b0120f1cae1326aeba9f320eadc0487e4c72102b7826dc97bb25ee,24ea7531d24d2e6a7e3a1c0e5ece9fc6272898ed472e974b01eb7f1909ecd17c,audited_single_model_record_and_source_recovery,3648,3792,0,0,0,3792,c30f68c39e12b22feb5281b5e99de80985163cb49ceb0fc0bef3a4c23664a737,24ea7531d24d2e6a7e3a1c0e5ece9fc6272898ed472e974b01eb7f1909ecd17c,audited_single_model_record_and_source_recovery
T20_038,3648,6984,0,0,0,6984,cd784ac224b0120f1cae1326aeba9f320eadc0487e4c72102b7826dc97bb25ee,87acb750117a8dc7da530abcc8f97a390feca1b4ec7975b6dcd0db40124b442d,audited_single_model_record_and_source_recovery,3648,3792,0,0,0,3792,c30f68c39e12b22feb5281b5e99de80985163cb49ceb0fc0bef3a4c23664a737,87acb750117a8dc7da530abcc8f97a390feca1b4ec7975b6dcd0db40124b442d,audited_single_model_record_and_source_recovery
T20_039,3648,6984,0,0,0,6984,cd784ac224b0120f1cae1326aeba9f320eadc0487e4c72102b7826dc97bb25ee,ca4c01a285a9ff366df329283f79ce2733f2c969252605b774c97d45d662d2a3,audited_single_model_record_and_source_recovery,3648,3792,0,0,0,3792,c30f68c39e12b22feb5281b5e99de80985163cb49ceb0fc0bef3a4c23664a737,ca4c01a285a9ff366df329283f79ce2733f2c969252605b774c97d45d662d2a3,audited_single_model_record_and_source_recovery
T20_040,12050,189050,0,0,0,189050,3c167e3be10eb7e2184871bb82077b413af307064b1e7af7c2f299968a3764d0,7501ca34cd3d7dc9f880800cf8fd57be623e2709f7e6701407b720bb93a9ef12,audited_single_model_record_and_source_recovery,12050,47930,0,0,0,47930,f23487ac23b8e60fca1009387e8f269c93cae6031cd69cbec4ccf14231eb7159,7501ca34cd3d7dc9f880800cf8fd57be623e2709f7e6701407b720bb93a9ef12,audited_single_model_record_and_source_recovery
T20_041,12050,189050,0,0,0,189050,3c167e3be10eb7e2184871bb82077b413af307064b1e7af7c2f299968a3764d0,36d1ef5328e98caaf285312ddacc928cd0d7a9ee8a2c75c51f71b0046823a996,audited_single_model_record_and_source_recovery,12050,47930,0,0,0,47930,f23487ac23b8e60fca1009387e8f269c93cae6031cd69cbec4ccf14231eb7159,36d1ef5328e98caaf285312ddacc928cd0d7a9ee8a2c75c51f71b0046823a996,audited_single_model_record_and_source_recovery
T20_042,237600,1188000,0,0,0,1188000,65627aaad405594f5cf4679e724b07fe915b5d4df3a88c8dffbfa141eebc8ff4,d948a9d55f035c15f2196f81f5229b548152171b5781fb7d96ab53eabb123c4c,audited_single_model_record_and_source_recovery,237600,353100,0,0,0,353100,53609b6f623e378fb8013dfe33602300d2fa22c2e202205f733d4177cadc49bf,d948a9d55f035c15f2196f81f5229b548152171b5781fb7d96ab53eabb123c4c,audited_single_model_record_and_source_recovery
T20_043,216000,1080000,0,0,0,1080000,008875b26b10b8670aea560e0885dae664c3fdf813436b9edb54338b00ccd4ba,bae831e3a4557edb9b9564e8539a5ea3e868b97be49c496bdafe5acad48fc8fc,audited_single_model_record_and_source_recovery,216000,321000,0,0,0,321000,3186d90e0b645afdc3b5b31cf2f1933041f192a8ba315b2554bba47bd9cee6f8,bae831e3a4557edb9b9564e8539a5ea3e868b97be49c496bdafe5acad48fc8fc,audited_single_model_record_and_source_recovery
T21_001,1732608,1585152,0,0,0,1585152,ee6b02fdabf6a5b45bc063ebce71f097a3d9049d3ae5f363bf0ff1f2f916c767,40161701d3ca11e77bf49ec0f2a2cf11dc02446a0ce76e4d87c1503465d94521,audited_single_model_record_and_source_recovery,1548288,67584,0,0,0,67584,9beada5439cdc4bab2a441914c996a65585a822c7cae7855f2c15b960225f570,40161701d3ca11e77bf49ec0f2a2cf11dc02446a0ce76e4d87c1503465d94521,audited_single_model_record_and_source_recovery
T21_002,469248,429312,0,0,0,429312,ee6b02fdabf6a5b45bc063ebce71f097a3d9049d3ae5f363bf0ff1f2f916c767,1491e244d1578ecde62a33c7474de087c945f6a5b77409e59d59625499664bef,audited_single_model_record_and_source_recovery,419328,18304,0,0,0,18304,9beada5439cdc4bab2a441914c996a65585a822c7cae7855f2c15b960225f570,1491e244d1578ecde62a33c7474de087c945f6a5b77409e59d59625499664bef,audited_single_model_record_and_source_recovery
T21_003,505344,462336,0,0,0,462336,ee6b02fdabf6a5b45bc063ebce71f097a3d9049d3ae5f363bf0ff1f2f916c767,6c55424e6fcaf8c4c5aa1cf2ee379837620307f6207b406a3ebf3eba4cea23e4,audited_single_model_record_and_source_recovery,451584,19712,0,0,0,19712,9beada5439cdc4bab2a441914c996a65585a822c7cae7855f2c15b960225f570,6c55424e6fcaf8c4c5aa1cf2ee379837620307f6207b406a3ebf3eba4cea23e4,audited_single_model_record_and_source_recovery
T21_004,541440,495360,0,0,0,495360,ee6b02fdabf6a5b45bc063ebce71f097a3d9049d3ae5f363bf0ff1f2f916c767,cd854a54098f29010a99a2683ad597cf4b57a2a120f1bf56743282e57b31a4dc,audited_single_model_record_and_source_recovery,483840,21120,0,0,0,21120,9beada5439cdc4bab2a441914c996a65585a822c7cae7855f2c15b960225f570,cd854a54098f29010a99a2683ad597cf4b57a2a120f1bf56743282e57b31a4dc,audited_single_model_record_and_source_recovery
T21_005,577536,528384,0,0,0,528384,ee6b02fdabf6a5b45bc063ebce71f097a3d9049d3ae5f363bf0ff1f2f916c767,b92e808b916c8d851c630adee02dc68082458702515f8b190d0480fa5cf7e5ba,audited_single_model_record_and_source_recovery,516096,22528,0,0,0,22528,9beada5439cdc4bab2a441914c996a65585a822c7cae7855f2c15b960225f570,b92e808b916c8d851c630adee02dc68082458702515f8b190d0480fa5cf7e5ba,audited_single_model_record_and_source_recovery
T21_006,613632,561408,0,0,0,561408,ee6b02fdabf6a5b45bc063ebce71f097a3d9049d3ae5f363bf0ff1f2f916c767,ab8ac5021a0dc79cdc45e37dfeacc5b39a36d1dbc5c17971cb2ea9691eb033a9,audited_single_model_record_and_source_recovery,548352,23936,0,0,0,23936,9beada5439cdc4bab2a441914c996a65585a822c7cae7855f2c15b960225f570,ab8ac5021a0dc79cdc45e37dfeacc5b39a36d1dbc5c17971cb2ea9691eb033a9,audited_single_model_record_and_source_recovery
T21_007,649728,594432,0,0,0,594432,ee6b02fdabf6a5b45bc063ebce71f097a3d9049d3ae5f363bf0ff1f2f916c767,4bc482af6271f34ca1f0e2e195844c35774cbaab7b2b1c33a0b3ed1c29a491af,audited_single_model_record_and_source_recovery,580608,25344,0,0,0,25344,9beada5439cdc4bab2a441914c996a65585a822c7cae7855f2c15b960225f570,4bc482af6271f34ca1f0e2e195844c35774cbaab7b2b1c33a0b3ed1c29a491af,audited_single_model_record_and_source_recovery
T21_008,721920,660480,0,0,0,660480,ee6b02fdabf6a5b45bc063ebce71f097a3d9049d3ae5f363bf0ff1f2f916c767,33304bc8162c8a524009351db51137db8492049921b796c9227aa863cf91633c,audited_single_model_record_and_source_recovery,645120,28160,0,0,0,28160,9beada5439cdc4bab2a441914c996a65585a822c7cae7855f2c15b960225f570,33304bc8162c8a524009351db51137db8492049921b796c9227aa863cf91633c,audited_single_model_record_and_source_recovery
T21_009,794112,726528,0,0,0,726528,ee6b02fdabf6a5b45bc063ebce71f097a3d9049d3ae5f363bf0ff1f2f916c767,a16ea0893a22c13621feae4782b079a9adb14bc79013bf5a4c2a72bd9034c650,audited_single_model_record_and_source_recovery,709632,30976,0,0,0,30976,9beada5439cdc4bab2a441914c996a65585a822c7cae7855f2c15b960225f570,a16ea0893a22c13621feae4782b079a9adb14bc79013bf5a4c2a72bd9034c650,audited_single_model_record_and_source_recovery
T21_011,505344,462336,0,0,0,462336,ee6b02fdabf6a5b45bc063ebce71f097a3d9049d3ae5f363bf0ff1f2f916c767,7d16b270e188ac54102db0171cc19c3ad6f032b6762beacf28d3ce38c4c08475,audited_single_model_record_and_source_recovery,451584,19712,0,0,0,19712,9beada5439cdc4bab2a441914c996a65585a822c7cae7855f2c15b960225f570,7d16b270e188ac54102db0171cc19c3ad6f032b6762beacf28d3ce38c4c08475,audited_single_model_record_and_source_recovery
T21_012,541440,495360,0,0,0,495360,ee6b02fdabf6a5b45bc063ebce71f097a3d9049d3ae5f363bf0ff1f2f916c767,15d78cb605587e00a98582d218ff67beafe626322b5dc3aab0d7deebdfd32588,audited_single_model_record_and_source_recovery,483840,21120,0,0,0,21120,9beada5439cdc4bab2a441914c996a65585a822c7cae7855f2c15b960225f570,15d78cb605587e00a98582d218ff67beafe626322b5dc3aab0d7deebdfd32588,audited_single_model_record_and_source_recovery
T21_013,924000,987800,0,0,0,987800,13e53755e302b5fd22125db4d72d8ecc24f7093064b9c8f03b4a3cba17e0c5e2,d66eaf25e1c283c297c95ebf208acf65ccfe9455836f0355eeb4bb6136836f75,audited_single_model_record_and_source_recovery,1607248,30800,0,0,0,30800,7f0a791a145a2374f876a347069f65ef8e3b7bb96e72571747c0162307ba2b78,d66eaf25e1c283c297c95ebf208acf65ccfe9455836f0355eeb4bb6136836f75,audited_single_model_record_and_source_recovery
T21_014,924000,987800,0,0,0,987800,13e53755e302b5fd22125db4d72d8ecc24f7093064b9c8f03b4a3cba17e0c5e2,cc4ebcf3a02ba271b29ff5a19939708560b19d8b79fb67ade634f79933696ba1,audited_single_model_record_and_source_recovery,1597543,30800,0,0,0,30800,7f0a791a145a2374f876a347069f65ef8e3b7bb96e72571747c0162307ba2b78,cc4ebcf3a02ba271b29ff5a19939708560b19d8b79fb67ade634f79933696ba1,audited_single_model_record_and_source_recovery
T21_015,924000,987800,0,0,0,987800,13e53755e302b5fd22125db4d72d8ecc24f7093064b9c8f03b4a3cba17e0c5e2,3e2b9b416b2651135d87f89feeefcb3f9e4aedeb71d5cd1e24c20ae85349b0a3,audited_single_model_record_and_source_recovery,1602320,30800,0,0,0,30800,7f0a791a145a2374f876a347069f65ef8e3b7bb96e72571747c0162307ba2b78,3e2b9b416b2651135d87f89feeefcb3f9e4aedeb71d5cd1e24c20ae85349b0a3,audited_single_model_record_and_source_recovery
T21_016,5250000,5612500,0,0,0,5612500,13e53755e302b5fd22125db4d72d8ecc24f7093064b9c8f03b4a3cba17e0c5e2,e90529870f8b568c71ca16ca11d01402d176d80b33f64d32a70f6910b94691f4,audited_single_model_record_and_source_recovery,9094516,175000,0,0,0,175000,7f0a791a145a2374f876a347069f65ef8e3b7bb96e72571747c0162307ba2b78,e90529870f8b568c71ca16ca11d01402d176d80b33f64d32a70f6910b94691f4,audited_single_model_record_and_source_recovery
T21_017,5250000,5612500,0,0,0,5612500,13e53755e302b5fd22125db4d72d8ecc24f7093064b9c8f03b4a3cba17e0c5e2,d16a7e989aa38d13135bdc4fa8a9e179f04322cd5b0f260edf850bc26ad5644e,audited_single_model_record_and_source_recovery,9117486,175000,0,0,0,175000,7f0a791a145a2374f876a347069f65ef8e3b7bb96e72571747c0162307ba2b78,d16a7e989aa38d13135bdc4fa8a9e179f04322cd5b0f260edf850bc26ad5644e,audited_single_model_record_and_source_recovery
T21_018,5250000,5612500,0,0,0,5612500,13e53755e302b5fd22125db4d72d8ecc24f7093064b9c8f03b4a3cba17e0c5e2,b554b87afec3c926306337f1b82331024e6860b0fcd3add94204408467801173,completed_construction_snapshot_with_source_crosscheck,9092901,175000,0,0,0,175000,7f0a791a145a2374f876a347069f65ef8e3b7bb96e72571747c0162307ba2b78,b554b87afec3c926306337f1b82331024e6860b0fcd3add94204408467801173,exact_source_and_fixed_input
T21_019,577536,528384,0,0,0,528384,ee6b02fdabf6a5b45bc063ebce71f097a3d9049d3ae5f363bf0ff1f2f916c767,8ecb9f2cf0e8b0291bb2b55527a6f60042c759d7aa831aefb0a8c8e7e45d75d0,audited_single_model_record_and_source_recovery,516096,22528,0,0,0,22528,9beada5439cdc4bab2a441914c996a65585a822c7cae7855f2c15b960225f570,8ecb9f2cf0e8b0291bb2b55527a6f60042c759d7aa831aefb0a8c8e7e45d75d0,audited_single_model_record_and_source_recovery
T21_020,14399,14282,0,0,0,14282,c48d8e459a77c533ea682c0908927501ff89897f0982df68d8052fa60f366b93,e45c230c95452abe3693168780982d1100c27e4045606544fd801ad99c4e8798,audited_single_model_record_and_source_recovery,28441,14521,0,0,0,14521,b0627e1a7ae36e8ba9a1351be4b0e33ce4510db21e38852f06c9e82a7b3c7323,e45c230c95452abe3693168780982d1100c27e4045606544fd801ad99c4e8798,audited_single_model_record_and_source_recovery
T21_021,8099,8012,0,0,0,8012,c48d8e459a77c533ea682c0908927501ff89897f0982df68d8052fa60f366b93,c99d390b00bf24148aa32077500534393db3524dd481d796b483340adcdf910a,audited_single_model_record_and_source_recovery,16020,8279,0,0,0,8279,c0617f8f591446888cd35cd2c71362d88d397066631da8293df8f12b5a1dd4a2,c99d390b00bf24148aa32077500534393db3524dd481d796b483340adcdf910a,audited_single_model_record_and_source_recovery
T21_022,9999,9902,0,0,0,9902,f56d6f0c697cf66766b3cfab16bd6b96851212e5ff515b609b43b1cbf81e5a1a,1442767f0b68c43f17f26f805fd085888ca352d804ca47799de607537193bb7f,audited_single_model_record_and_source_recovery,19800,10199,0,0,0,10199,929f668e390a32900b4a9ba98e533b76ac00f89dc28f683e9a0497f73004c763,1442767f0b68c43f17f26f805fd085888ca352d804ca47799de607537193bb7f,audited_single_model_record_and_source_recovery
T22_001,358400,4838400,0,0,0,4838400,b908f865b5b3d7083a2e3a8b9f22e393522a06695bd386a7115122850a04bb76,fc02dfc7d0f7a0745abba2fb126bc6534cc3cbf7a2ea1ca98d598ba178453d7c,audited_single_model_record_and_source_recovery,729600,371200,0,0,0,371200,3afddf9f34966dc038b4d1de21d5a559dc9a31c1ea9e140078d45a7893392e2c,fc02dfc7d0f7a0745abba2fb126bc6534cc3cbf7a2ea1ca98d598ba178453d7c,audited_single_model_record_and_source_recovery
T22_002,394240,5322240,0,0,0,5322240,b908f865b5b3d7083a2e3a8b9f22e393522a06695bd386a7115122850a04bb76,b09ebdb4c6d5e327288573ae454e8935527b97478407116617eb6c5e1bb1cf11,audited_single_model_record_and_source_recovery,802560,408320,0,0,0,408320,3afddf9f34966dc038b4d1de21d5a559dc9a31c1ea9e140078d45a7893392e2c,b09ebdb4c6d5e327288573ae454e8935527b97478407116617eb6c5e1bb1cf11,audited_single_model_record_and_source_recovery
T22_003,322560,4354560,0,0,0,4354560,b908f865b5b3d7083a2e3a8b9f22e393522a06695bd386a7115122850a04bb76,3f2101e66b6d9d968c0463e0e1e3235d069a6786eba079132a3694ea3d117e8c,audited_single_model_record_and_source_recovery,656640,334080,0,0,0,334080,3afddf9f34966dc038b4d1de21d5a559dc9a31c1ea9e140078d45a7893392e2c,3f2101e66b6d9d968c0463e0e1e3235d069a6786eba079132a3694ea3d117e8c,audited_single_model_record_and_source_recovery
T22_004,358400,4838400,0,0,0,4838400,b908f865b5b3d7083a2e3a8b9f22e393522a06695bd386a7115122850a04bb76,91e7d61a6b664b35e129bba30f64d67d543d4dc4fe241d3cd70f717fcff70178,audited_single_model_record_and_source_recovery,729600,371200,0,0,0,371200,3afddf9f34966dc038b4d1de21d5a559dc9a31c1ea9e140078d45a7893392e2c,91e7d61a6b664b35e129bba30f64d67d543d4dc4fe241d3cd70f717fcff70178,audited_single_model_record_and_source_recovery
T22_005,394240,5322240,0,0,0,5322240,b908f865b5b3d7083a2e3a8b9f22e393522a06695bd386a7115122850a04bb76,d6fc4108bfb07a3c9992a7b64bc5bf966f510b6826996a41f83a1b3071b78d81,audited_single_model_record_and_source_recovery,802560,408320,0,0,0,408320,3afddf9f34966dc038b4d1de21d5a559dc9a31c1ea9e140078d45a7893392e2c,d6fc4108bfb07a3c9992a7b64bc5bf966f510b6826996a41f83a1b3071b78d81,audited_single_model_record_and_source_recovery
T22_006,430080,5806080,0,0,0,5806080,b908f865b5b3d7083a2e3a8b9f22e393522a06695bd386a7115122850a04bb76,474ac2a0ad8831385953591074e4d52fb025489d376accb0c8f5e8c4d2576b9b,audited_single_model_record_and_source_recovery,875520,445440,0,0,0,445440,3afddf9f34966dc038b4d1de21d5a559dc9a31c1ea9e140078d45a7893392e2c,474ac2a0ad8831385953591074e4d52fb025489d376accb0c8f5e8c4d2576b9b,audited_single_model_record_and_source_recovery
T22_007,465920,6289920,0,0,0,6289920,b908f865b5b3d7083a2e3a8b9f22e393522a06695bd386a7115122850a04bb76,055376197877338401bf033660c75bf2d12a5d2ba35ddaa3077be088953b252e,completed_construction_snapshot_with_source_crosscheck,948480,482560,0,0,0,482560,3afddf9f34966dc038b4d1de21d5a559dc9a31c1ea9e140078d45a7893392e2c,055376197877338401bf033660c75bf2d12a5d2ba35ddaa3077be088953b252e,exact_source_and_fixed_input
T22_008,150,5020000,0,0,0,5020000,2413d9af9aedbd0a68a35e261b3f2dde2a8bd78a384436170da7fe3888238b7e,0f3d25dcf5cc297230545a1a6be099855efa238c3e15facf527b38eb82508fd2,audited_single_model_record_and_source_recovery,26150,26000,0,0,0,26000,7f3b148095a64129bd090de2cdeee46b940f8d51ea27b552d3466ad43b09f7ca,0f3d25dcf5cc297230545a1a6be099855efa238c3e15facf527b38eb82508fd2,audited_single_model_record_and_source_recovery
T22_009,150,5020000,0,0,0,5020000,2413d9af9aedbd0a68a35e261b3f2dde2a8bd78a384436170da7fe3888238b7e,85f11b2623de0db27335bbadeda673e1078a008ced5158764ebe4a0e3daf4e08,audited_single_model_record_and_source_recovery,26150,26000,0,0,0,26000,7f3b148095a64129bd090de2cdeee46b940f8d51ea27b552d3466ad43b09f7ca,85f11b2623de0db27335bbadeda673e1078a008ced5158764ebe4a0e3daf4e08,audited_single_model_record_and_source_recovery
T22_010,150,5020000,0,0,0,5020000,2413d9af9aedbd0a68a35e261b3f2dde2a8bd78a384436170da7fe3888238b7e,7bd3529a1f4c0bf315e02518b1d252f27abc4d7f57a382e7da3f4448c0e80af1,audited_single_model_record_and_source_recovery,26150,26000,0,0,0,26000,7f3b148095a64129bd090de2cdeee46b940f8d51ea27b552d3466ad43b09f7ca,7bd3529a1f4c0bf315e02518b1d252f27abc4d7f57a382e7da3f4448c0e80af1,audited_single_model_record_and_source_recovery
T22_011,150,5020000,0,0,0,5020000,2413d9af9aedbd0a68a35e261b3f2dde2a8bd78a384436170da7fe3888238b7e,d7c6435d03e87fb76f134fe4e685b354d3dc4e1852a07220a8a84b8df9441d17,audited_single_model_record_and_source_recovery,26150,26000,0,0,0,26000,7f3b148095a64129bd090de2cdeee46b940f8d51ea27b552d3466ad43b09f7ca,d7c6435d03e87fb76f134fe4e685b354d3dc4e1852a07220a8a84b8df9441d17,audited_single_model_record_and_source_recovery
T22_012,150,5020000,0,0,0,5020000,2413d9af9aedbd0a68a35e261b3f2dde2a8bd78a384436170da7fe3888238b7e,c8135fda00b5dd160a92330cc5a6b2bf6e5852e775b912f999779f1f67b07e30,audited_single_model_record_and_source_recovery,26150,26000,0,0,0,26000,7f3b148095a64129bd090de2cdeee46b940f8d51ea27b552d3466ad43b09f7ca,c8135fda00b5dd160a92330cc5a6b2bf6e5852e775b912f999779f1f67b07e30,audited_single_model_record_and_source_recovery
T22_013,150,5020000,0,0,0,5020000,2413d9af9aedbd0a68a35e261b3f2dde2a8bd78a384436170da7fe3888238b7e,38515601d91f0c6237f7e3d704c8388b7aef066c732b3951ef78323e36e425f8,audited_single_model_record_and_source_recovery,26150,26000,0,0,0,26000,7f3b148095a64129bd090de2cdeee46b940f8d51ea27b552d3466ad43b09f7ca,38515601d91f0c6237f7e3d704c8388b7aef066c732b3951ef78323e36e425f8,audited_single_model_record_and_source_recovery
T22_014,150,5020000,0,0,0,5020000,2413d9af9aedbd0a68a35e261b3f2dde2a8bd78a384436170da7fe3888238b7e,4649a378131076fca2d8b16e761156d915a0e9c2db98243d6c2307853306a49a,audited_single_model_record_and_source_recovery,26150,26000,0,0,0,26000,7f3b148095a64129bd090de2cdeee46b940f8d51ea27b552d3466ad43b09f7ca,4649a378131076fca2d8b16e761156d915a0e9c2db98243d6c2307853306a49a,audited_single_model_record_and_source_recovery
T22_015,150,5020000,0,0,0,5020000,2413d9af9aedbd0a68a35e261b3f2dde2a8bd78a384436170da7fe3888238b7e,1170708a5f10d63ff03aa96f36b74f69a9e191c45d1a409e1658029ffb19b332,audited_single_model_record_and_source_recovery,26150,26000,0,0,0,26000,7f3b148095a64129bd090de2cdeee46b940f8d51ea27b552d3466ad43b09f7ca,1170708a5f10d63ff03aa96f36b74f69a9e191c45d1a409e1658029ffb19b332,audited_single_model_record_and_source_recovery
T22_016,150,5020000,0,0,0,5020000,2413d9af9aedbd0a68a35e261b3f2dde2a8bd78a384436170da7fe3888238b7e,2cfa46353a028ad9acad189d3e88c305342d64c2e3432c417b2cd0d2b1b75673,audited_single_model_record_and_source_recovery,26150,26000,0,0,0,26000,7f3b148095a64129bd090de2cdeee46b940f8d51ea27b552d3466ad43b09f7ca,2cfa46353a028ad9acad189d3e88c305342d64c2e3432c417b2cd0d2b1b75673,audited_single_model_record_and_source_recovery
T22_017,150,5020000,0,0,0,5020000,2413d9af9aedbd0a68a35e261b3f2dde2a8bd78a384436170da7fe3888238b7e,8c1af34f7e1dc5c541e1e7d89b68e8e5dac8132bdcb99f1bd331a178b3d83ba7,audited_single_model_record_and_source_recovery,26150,26000,0,0,0,26000,7f3b148095a64129bd090de2cdeee46b940f8d51ea27b552d3466ad43b09f7ca,8c1af34f7e1dc5c541e1e7d89b68e8e5dac8132bdcb99f1bd331a178b3d83ba7,audited_single_model_record_and_source_recovery
T22_018,150,5020000,0,0,0,5020000,2413d9af9aedbd0a68a35e261b3f2dde2a8bd78a384436170da7fe3888238b7e,af28ae2b7a361957ae9678c69cea5c2c3efabdaf0fc7ac63ae08410a21af3154,audited_single_model_record_and_source_recovery,26150,26000,0,0,0,26000,7f3b148095a64129bd090de2cdeee46b940f8d51ea27b552d3466ad43b09f7ca,af28ae2b7a361957ae9678c69cea5c2c3efabdaf0fc7ac63ae08410a21af3154,audited_single_model_record_and_source_recovery
T22_020,150,5020000,0,0,0,5020000,2413d9af9aedbd0a68a35e261b3f2dde2a8bd78a384436170da7fe3888238b7e,68cc20a4fc6a5bbf5205b08affdeb42fcc9cfae287ee16aa9c739af270120d07,audited_single_model_record_and_source_recovery,26150,26000,0,0,0,26000,7f3b148095a64129bd090de2cdeee46b940f8d51ea27b552d3466ad43b09f7ca,68cc20a4fc6a5bbf5205b08affdeb42fcc9cfae287ee16aa9c739af270120d07,audited_single_model_record_and_source_recovery
T22_021,150,5020000,0,0,0,5020000,2413d9af9aedbd0a68a35e261b3f2dde2a8bd78a384436170da7fe3888238b7e,8a418bd9fef11defb7e69842e33c091de2bf07b327f76ef55a294fa3e1703882,audited_single_model_record_and_source_recovery,26150,26000,0,0,0,26000,7f3b148095a64129bd090de2cdeee46b940f8d51ea27b552d3466ad43b09f7ca,8a418bd9fef11defb7e69842e33c091de2bf07b327f76ef55a294fa3e1703882,audited_single_model_record_and_source_recovery
T22_022,150,5020000,0,0,0,5020000,2413d9af9aedbd0a68a35e261b3f2dde2a8bd78a384436170da7fe3888238b7e,49596418709e7847c8a56fd453a76cf67c01cf7b5ee421af7d2a1a103ee09bc3,audited_single_model_record_and_source_recovery,26150,26000,0,0,0,26000,7f3b148095a64129bd090de2cdeee46b940f8d51ea27b552d3466ad43b09f7ca,49596418709e7847c8a56fd453a76cf67c01cf7b5ee421af7d2a1a103ee09bc3,audited_single_model_record_and_source_recovery
T22_023,150,5020000,0,0,0,5020000,2413d9af9aedbd0a68a35e261b3f2dde2a8bd78a384436170da7fe3888238b7e,1b530440b114e2950c330783a593c998c087b18180eee6d18c8d608e11de92ef,audited_single_model_record_and_source_recovery,26150,26000,0,0,0,26000,7f3b148095a64129bd090de2cdeee46b940f8d51ea27b552d3466ad43b09f7ca,1b530440b114e2950c330783a593c998c087b18180eee6d18c8d608e11de92ef,audited_single_model_record_and_source_recovery
T22_024,150,5020000,0,0,0,5020000,2413d9af9aedbd0a68a35e261b3f2dde2a8bd78a384436170da7fe3888238b7e,a21750256209299685b03a56104682135f328258587ea960456a381387ebb130,audited_single_model_record_and_source_recovery,26150,26000,0,0,0,26000,7f3b148095a64129bd090de2cdeee46b940f8d51ea27b552d3466ad43b09f7ca,a21750256209299685b03a56104682135f328258587ea960456a381387ebb130,audited_single_model_record_and_source_recovery
T22_025,150,5020000,0,0,0,5020000,2413d9af9aedbd0a68a35e261b3f2dde2a8bd78a384436170da7fe3888238b7e,4c42aa54c43eed03a3c9aa571b454d3cd8c7f395a47f4b85b39050c4ee9743f3,audited_single_model_record_and_source_recovery,26150,26000,0,0,0,26000,7f3b148095a64129bd090de2cdeee46b940f8d51ea27b552d3466ad43b09f7ca,4c42aa54c43eed03a3c9aa571b454d3cd8c7f395a47f4b85b39050c4ee9743f3,audited_single_model_record_and_source_recovery
T22_026,150,5020000,0,0,0,5020000,2413d9af9aedbd0a68a35e261b3f2dde2a8bd78a384436170da7fe3888238b7e,0357295ec6a08fc3b2825ff528bd9e87fd0ff282818166f01b5240dd5b6ab2fd,audited_single_model_record_and_source_recovery,26150,26000,0,0,0,26000,7f3b148095a64129bd090de2cdeee46b940f8d51ea27b552d3466ad43b09f7ca,0357295ec6a08fc3b2825ff528bd9e87fd0ff282818166f01b5240dd5b6ab2fd,audited_single_model_record_and_source_recovery
T22_027,150,5020000,0,0,0,5020000,2413d9af9aedbd0a68a35e261b3f2dde2a8bd78a384436170da7fe3888238b7e,dd8edd5bf67c7f19fb55ed97ba25fee69d5c3f7254f3e8bdd44ce71c15fc69d8,audited_single_model_record_and_source_recovery,26150,26000,0,0,0,26000,7f3b148095a64129bd090de2cdeee46b940f8d51ea27b552d3466ad43b09f7ca,dd8edd5bf67c7f19fb55ed97ba25fee69d5c3f7254f3e8bdd44ce71c15fc69d8,audited_single_model_record_and_source_recovery
T22_028,150,5020000,0,0,0,5020000,2413d9af9aedbd0a68a35e261b3f2dde2a8bd78a384436170da7fe3888238b7e,ac63254022092fa0b81a9d08b278a9d2b05e76ca7cfe9d7617ba388eb2cdc177,audited_single_model_record_and_source_recovery,26150,26000,0,0,0,26000,7f3b148095a64129bd090de2cdeee46b940f8d51ea27b552d3466ad43b09f7ca,ac63254022092fa0b81a9d08b278a9d2b05e76ca7cfe9d7617ba388eb2cdc177,audited_single_model_record_and_source_recovery
T24_001,63009,508,0,0,0,508,69977feaab8c2fb942581b5e66391660fad9e808d34a4379930cc83d026244d2,e6de902396f51879adaf1a241a6f5d59739f4d927417055363a9b4c3e63af44f,audited_single_model_record_and_source_recovery,26333,508,0,0,0,508,67a115c559267cc5d2d8367dc1b4f17f2b7a17bc7dbc5172060ff8bdd144b619,e6de902396f51879adaf1a241a6f5d59739f4d927417055363a9b4c3e63af44f,audited_single_model_record_and_source_recovery
T24_002,63009,508,0,0,0,508,bb86678a09b995a93dedfcf0267905f75a3f581830bfab77637593c861ba37e9,e6de902396f51879adaf1a241a6f5d59739f4d927417055363a9b4c3e63af44f,audited_single_model_record_and_source_recovery,26333,508,0,0,0,508,25ca0110570f1d5006e858f842160e741488b3240f0a573c13bc51d96e40ff89,e6de902396f51879adaf1a241a6f5d59739f4d927417055363a9b4c3e63af44f,audited_single_model_record_and_source_recovery
T24_003,63009,508,0,0,0,508,c3496f33b795565006b9c6715d7bacfaffa2a6e264a5df9bef8564c0b325b7b4,e6de902396f51879adaf1a241a6f5d59739f4d927417055363a9b4c3e63af44f,audited_single_model_record_and_source_recovery,26333,508,0,0,0,508,ff34ab832876dfa1360fdb339d4f6fd27be54c17be6756f9d84591e98230b026,e6de902396f51879adaf1a241a6f5d59739f4d927417055363a9b4c3e63af44f,audited_single_model_record_and_source_recovery
T24_004,63009,508,0,0,0,508,5ee3c318e4690453f13142b56ea13a61d358b8e13c80afb6625741e0e6528055,e6de902396f51879adaf1a241a6f5d59739f4d927417055363a9b4c3e63af44f,audited_single_model_record_and_source_recovery,26333,508,0,0,0,508,f650f459cc30d836823f668ff97cedae725a928289fffb9af70fac4bfbbf57d3,e6de902396f51879adaf1a241a6f5d59739f4d927417055363a9b4c3e63af44f,audited_single_model_record_and_source_recovery
T24_005,63009,508,0,0,0,508,53df7ab970d2400a0047632dbe0fa29caaad50c27f46466f2e9a2d49d12cfa3a,e6de902396f51879adaf1a241a6f5d59739f4d927417055363a9b4c3e63af44f,audited_single_model_record_and_source_recovery,26333,508,0,0,0,508,61da976b83cec14ce194d93e86545147b16885bc088941900353c9d717604540,e6de902396f51879adaf1a241a6f5d59739f4d927417055363a9b4c3e63af44f,audited_single_model_record_and_source_recovery
T24_006,290000,435000,0,0,0,435000,960aea80c4dc8f22f57c607a43c0287ab3b44dc8d4380efe23a08ca8ca24b621,9dce1d07ddcc4078377d9c94c8212538a852c1703cc48d8e7257e7597cf8739f,audited_single_model_record_and_source_recovery,290000,290000,0,0,0,290000,4c7b444c32c4954fdbae2dc64bc94eb94f7d2579a97431754d92ed42e5c69e70,9dce1d07ddcc4078377d9c94c8212538a852c1703cc48d8e7257e7597cf8739f,audited_single_model_record_and_source_recovery
T24_007,450000,450000,0,0,0,450000,7a0e80aff9c0b764221627f4dbb5288b4539fd358f1bcde1093ebc3908025f5f,f50310cd845c634204f8d46b45970bae8d4c9e0cc8f810373126a46918ae157c,audited_single_model_record_and_source_recovery,300000,300000,0,0,0,300000,f8cfb72327d6069c14e9c04779178da4e92822f31b3bd79d46b7c11eebd11265,f50310cd845c634204f8d46b45970bae8d4c9e0cc8f810373126a46918ae157c,audited_single_model_record_and_source_recovery
T24_008,419574,19,0,0,0,19,07db2770bf8edc77ad3f6db8e0adb687999154492df215eae3f9b690942be6b1,124d63ad342e56730cc3b826b59fc1fddbcf58190670588e1add00f1756c733c,audited_single_model_record_and_source_recovery,193975,19,0,0,0,19,133c0b28f96f433a872041e486628d8e7ca65944a5424045e72f9a3932c24852,124d63ad342e56730cc3b826b59fc1fddbcf58190670588e1add00f1756c733c,audited_single_model_record_and_source_recovery
T24_009,3540000,3540000,0,0,0,3540000,a5e8dde3f998af4a52ba8821764d17c034bd9ec4c1338d117d5f4b2ce36deaac,21c23f5a1c5821850a1f1a902379ccf225bb15f4fceb6dfae0c3dcee446542ec,audited_single_model_record_and_source_recovery,3540000,3540000,0,0,0,3540000,f6a03b2223faeb813b277134405a5e494e3007093401491d8d7ce652e081c703,21c23f5a1c5821850a1f1a902379ccf225bb15f4fceb6dfae0c3dcee446542ec,audited_single_model_record_and_source_recovery
T24_010,7400000,7400000,0,0,0,7400000,be8930b1da79b504195afdcc84e25822851d486dd02ac24fad626cf394c758dd,fa4d1dc8d7c98766cb908b08f3c222f09cf48f4041af9a37ba52b4757d32ff7b,audited_single_model_record_and_source_recovery,3700000,1850000,0,0,0,1850000,92a344dc8499bb084136bd0417e037bedfb5c86acca3415b36feb697e83b3769,fa4d1dc8d7c98766cb908b08f3c222f09cf48f4041af9a37ba52b4757d32ff7b,audited_single_model_record_and_source_recovery
T24_011,7400000,7400000,0,0,0,7400000,b0985d4e2700c38e1fdca5bfff80dc68f0ff0741fb82c99bb43d557388eadb09,bdc7f58cde9f61d3b837a0a65e33766504c4db6f91db308b404ec5a12259ba66,audited_single_model_record_and_source_recovery,3700000,1850000,0,0,0,1850000,2a7527e39f3e77ccde57c11c35e20ef687558c539259905fc27d6fe6586e2baa,bdc7f58cde9f61d3b837a0a65e33766504c4db6f91db308b404ec5a12259ba66,audited_single_model_record_and_source_recovery
T24_012,600000,30004,0,0,0,30004,5dc2d4176690095d823eea4fabeef618b3361265d8aeade67ce4c7fcfa8df918,4ab2a2b36d929b3b95541c3aae231f1d3d2df88551ddd610cb53d14ffdc11c82,audited_single_model_record_and_source_recovery,169367,30004,0,0,0,30004,1c352591457cbc868292ec76faa21b061ef3c74f0e7f57164e03f4aae0c22f75,4ab2a2b36d929b3b95541c3aae231f1d3d2df88551ddd610cb53d14ffdc11c82,audited_single_model_record_and_source_recovery
T24_013,800000,40004,0,0,0,40004,5dc2d4176690095d823eea4fabeef618b3361265d8aeade67ce4c7fcfa8df918,5663d7805a1ef7671f5ed7d52161e64395ccb82994894c977bb88c5c781f58af,audited_single_model_record_and_source_recovery,225733,40004,0,0,0,40004,1c352591457cbc868292ec76faa21b061ef3c74f0e7f57164e03f4aae0c22f75,5663d7805a1ef7671f5ed7d52161e64395ccb82994894c977bb88c5c781f58af,audited_single_model_record_and_source_recovery
T24_014,1000000,50004,0,0,0,50004,5dc2d4176690095d823eea4fabeef618b3361265d8aeade67ce4c7fcfa8df918,e78ffd68feb1305a0ae8a9ca88d5217957ce030babf470ec3de4b702a43495ae,audited_single_model_record_and_source_recovery,282291,50004,0,0,0,50004,1c352591457cbc868292ec76faa21b061ef3c74f0e7f57164e03f4aae0c22f75,e78ffd68feb1305a0ae8a9ca88d5217957ce030babf470ec3de4b702a43495ae,audited_single_model_record_and_source_recovery
T24_015,1100000,55004,0,0,0,55004,5dc2d4176690095d823eea4fabeef618b3361265d8aeade67ce4c7fcfa8df918,2cce5913869b403a0682dc2e599471620b64ff80283f7162e6dc12f716dfc1a8,audited_single_model_record_and_source_recovery,310556,55004,0,0,0,55004,1c352591457cbc868292ec76faa21b061ef3c74f0e7f57164e03f4aae0c22f75,2cce5913869b403a0682dc2e599471620b64ff80283f7162e6dc12f716dfc1a8,audited_single_model_record_and_source_recovery
T24_016,700000,35004,0,0,0,35004,5dc2d4176690095d823eea4fabeef618b3361265d8aeade67ce4c7fcfa8df918,2ea0bdfd18357f7c7655ee8f7a8b7ed81cc4988806270342788c587dd662a9f6,audited_single_model_record_and_source_recovery,197529,35004,0,0,0,35004,1c352591457cbc868292ec76faa21b061ef3c74f0e7f57164e03f4aae0c22f75,2ea0bdfd18357f7c7655ee8f7a8b7ed81cc4988806270342788c587dd662a9f6,audited_single_model_record_and_source_recovery
T24_017,680000,34004,0,0,0,34004,5dc2d4176690095d823eea4fabeef618b3361265d8aeade67ce4c7fcfa8df918,909d98019c3e97acd78a471c9ea2e09efa6868a4b0d1e41d2de395e8895a9718,audited_single_model_record_and_source_recovery,191903,34004,0,0,0,34004,1c352591457cbc868292ec76faa21b061ef3c74f0e7f57164e03f4aae0c22f75,909d98019c3e97acd78a471c9ea2e09efa6868a4b0d1e41d2de395e8895a9718,audited_single_model_record_and_source_recovery
T24_018,2265172,19,0,0,0,19,07db2770bf8edc77ad3f6db8e0adb687999154492df215eae3f9b690942be6b1,0026147f69697479ac3edeea74d0f82f9a8121a4f4704bbea1bcc7865e44ac1a,audited_single_model_record_and_source_recovery,969935,19,0,0,0,19,133c0b28f96f433a872041e486628d8e7ca65944a5424045e72f9a3932c24852,0026147f69697479ac3edeea74d0f82f9a8121a4f4704bbea1bcc7865e44ac1a,audited_single_model_record_and_source_recovery
T25_001,1342,1402,0,0,0,1402,6b2b7f6614eb216289acf8a4711ca8ba346bd0f98cdbaef7aa13e9d7c677bd59,f9e63ce93b052eba7d9696b87c187ea2d50d8ca893f5be3dbbf89f6290cb28bd,audited_single_model_record_and_source_recovery,1830,121,0,0,0,121,51dc1d0ed0ff3fcb0429a3d9df2134c7e356d7e2f155e5b6a7ca7370a7e1ce3c,f9e63ce93b052eba7d9696b87c187ea2d50d8ca893f5be3dbbf89f6290cb28bd,audited_single_model_record_and_source_recovery
T25_002,1218,99,0,0,0,99,a0dfa6ae1cb9c58a7eb7914781adf03f44750636ddcb00b1362b0cb4c95d32b5,93170790a21f19bd1483e4c5559fcbbd4addf5d7a4890c5e63ebf712abc7539e,audited_single_model_record_and_source_recovery,1239,121,0,0,0,121,258b8eb6bf8b68d55ebee4c856567e181caec326de2dbf72c995681471fc4bbf,93170790a21f19bd1483e4c5559fcbbd4addf5d7a4890c5e63ebf712abc7539e,audited_single_model_record_and_source_recovery
T25_003,11501568,11927552,0,0,0,11927552,99c6f8b3ddc99865272ad61c8433ce623d70a1420fe6121f9c3131d16f9f6074,2825055319030fc3008dca811f47eefb3e98d7bdca251155fdc6d59bf15f7634,audited_single_model_record_and_source_recovery,11927552,12763136,0,0,0,12763136,a9d1d43821cc62a98de0787a590fd05578b600da8403d310b28b39d4bc29d0c5,2825055319030fc3008dca811f47eefb3e98d7bdca251155fdc6d59bf15f7634,audited_single_model_record_and_source_recovery
T25_004,31500,33600,0,0,0,33600,6767c7b9cc3225049c8ec73acd8158b00781c1e61306e72529712120abaaabbd,0194e1b7f75fc015e269d16e47a80a5dc673bb41ff1ba91ded95eefb981a7672,audited_single_model_record_and_source_recovery,17850,21900,0,0,0,21900,7dca8d739d847309de81943c5f3ab25090e9982bf3b9ee26487875fff14f3f10,0194e1b7f75fc015e269d16e47a80a5dc673bb41ff1ba91ded95eefb981a7672,audited_single_model_record_and_source_recovery
T25_005,52500,56000,0,0,0,56000,98019dcca048d3e9cbee7eaafd6f1566ebf58a3455d46bbb959e28ad869da8ed,4ccece1589f31c3179c6e1534061ffdc8498b3425cd69863a127369240e36435,audited_single_model_record_and_source_recovery,29750,36500,0,0,0,36500,35780d360c883157c6715dc25eaebc9e805ddb96aeb9c74c8d0d374de16cf553,4ccece1589f31c3179c6e1534061ffdc8498b3425cd69863a127369240e36435,audited_single_model_record_and_source_recovery
T25_006,73500,78400,0,0,0,78400,98019dcca048d3e9cbee7eaafd6f1566ebf58a3455d46bbb959e28ad869da8ed,3e760af3be259afcc40ab9d505d3ad5ec4e33c69e8677f80da985e626ea00ba9,audited_single_model_record_and_source_recovery,41650,51100,0,0,0,51100,35780d360c883157c6715dc25eaebc9e805ddb96aeb9c74c8d0d374de16cf553,3e760af3be259afcc40ab9d505d3ad5ec4e33c69e8677f80da985e626ea00ba9,audited_single_model_record_and_source_recovery
T25_007,42000,44800,0,0,0,44800,98019dcca048d3e9cbee7eaafd6f1566ebf58a3455d46bbb959e28ad869da8ed,5ba82f20f7548b22a3d484f026972c44dd233681c1e7f814d9ff618839c965f9,audited_single_model_record_and_source_recovery,23800,29200,0,0,0,29200,35780d360c883157c6715dc25eaebc9e805ddb96aeb9c74c8d0d374de16cf553,5ba82f20f7548b22a3d484f026972c44dd233681c1e7f814d9ff618839c965f9,audited_single_model_record_and_source_recovery
T25_008,63000,67200,0,0,0,67200,98019dcca048d3e9cbee7eaafd6f1566ebf58a3455d46bbb959e28ad869da8ed,8f7f3d59f8457274e739027e6953575102bc3be47a78e2dd7556513e67e11388,audited_single_model_record_and_source_recovery,35700,43800,0,0,0,43800,35780d360c883157c6715dc25eaebc9e805ddb96aeb9c74c8d0d374de16cf553,8f7f3d59f8457274e739027e6953575102bc3be47a78e2dd7556513e67e11388,audited_single_model_record_and_source_recovery
T25_009,126000,134400,0,0,0,134400,98019dcca048d3e9cbee7eaafd6f1566ebf58a3455d46bbb959e28ad869da8ed,c6b0e4734f6eb858096e0ec24c087f86e286ab2bc4cf89b2c63e11f9a078384e,audited_single_model_record_and_source_recovery,71400,87600,0,0,0,87600,35780d360c883157c6715dc25eaebc9e805ddb96aeb9c74c8d0d374de16cf553,c6b0e4734f6eb858096e0ec24c087f86e286ab2bc4cf89b2c63e11f9a078384e,audited_single_model_record_and_source_recovery
T25_010,136500,145600,0,0,0,145600,89c0ece756580c53d527220abb4e458d23da140509d4c431d1556602fead9630,dd81cb0a71b829695017d67764ee1b91796410353da0e844c7bdf4c6dfc19973,audited_single_model_record_and_source_recovery,77350,94900,0,0,0,94900,25823843534a061dec37e8a5aadaa0221b13479ccac6db38c75ee84d7248971d,dd81cb0a71b829695017d67764ee1b91796410353da0e844c7bdf4c6dfc19973,audited_single_model_record_and_source_recovery
T25_011,220500,235200,0,0,0,235200,98019dcca048d3e9cbee7eaafd6f1566ebf58a3455d46bbb959e28ad869da8ed,47282ba3c7097e3b4d7304d7ba43430efa7d8b479e573b094585f0f148738d39,audited_single_model_record_and_source_recovery,124950,153300,0,0,0,153300,35780d360c883157c6715dc25eaebc9e805ddb96aeb9c74c8d0d374de16cf553,47282ba3c7097e3b4d7304d7ba43430efa7d8b479e573b094585f0f148738d39,audited_single_model_record_and_source_recovery
T25_012,231000,246400,0,0,0,246400,98019dcca048d3e9cbee7eaafd6f1566ebf58a3455d46bbb959e28ad869da8ed,c51db966184e48cae4edcbc439f3b2747b493d7948b1987215e8c32c125f360c,audited_single_model_record_and_source_recovery,130900,160600,0,0,0,160600,35780d360c883157c6715dc25eaebc9e805ddb96aeb9c74c8d0d374de16cf553,c51db966184e48cae4edcbc439f3b2747b493d7948b1987215e8c32c125f360c,audited_single_model_record_and_source_recovery
T25_013,189000,201600,0,0,0,201600,98019dcca048d3e9cbee7eaafd6f1566ebf58a3455d46bbb959e28ad869da8ed,04195ed6008601164310284985521abac53f73b5d3a45ce638eba9d55d21c5a8,audited_single_model_record_and_source_recovery,107100,131400,0,0,0,131400,35780d360c883157c6715dc25eaebc9e805ddb96aeb9c74c8d0d374de16cf553,04195ed6008601164310284985521abac53f73b5d3a45ce638eba9d55d21c5a8,audited_single_model_record_and_source_recovery
T25_014,231000,246400,0,0,0,246400,98019dcca048d3e9cbee7eaafd6f1566ebf58a3455d46bbb959e28ad869da8ed,826c91bdf771d198a48612efeaff1195c93d4087d8224a4ed14ca7daf8b88229,audited_single_model_record_and_source_recovery,130900,160600,0,0,0,160600,35780d360c883157c6715dc25eaebc9e805ddb96aeb9c74c8d0d374de16cf553,826c91bdf771d198a48612efeaff1195c93d4087d8224a4ed14ca7daf8b88229,audited_single_model_record_and_source_recovery
T25_015,1365000,1456000,0,0,0,1456000,98019dcca048d3e9cbee7eaafd6f1566ebf58a3455d46bbb959e28ad869da8ed,ec737824f260c579b772aedad7d5b18d1ceeea15f594d794da92e4d9647ed4e0,audited_single_model_record_and_source_recovery,773500,949000,0,0,0,949000,35780d360c883157c6715dc25eaebc9e805ddb96aeb9c74c8d0d374de16cf553,ec737824f260c579b772aedad7d5b18d1ceeea15f594d794da92e4d9647ed4e0,audited_single_model_record_and_source_recovery
T25_016,1365000,1456000,0,0,0,1456000,98019dcca048d3e9cbee7eaafd6f1566ebf58a3455d46bbb959e28ad869da8ed,80cb1c4dd9b7f8b1898a418f01045d746c9e3f37d5b268b5d587183049aa3fce,audited_single_model_record_and_source_recovery,773500,949000,0,0,0,949000,35780d360c883157c6715dc25eaebc9e805ddb96aeb9c74c8d0d374de16cf553,80cb1c4dd9b7f8b1898a418f01045d746c9e3f37d5b268b5d587183049aa3fce,audited_single_model_record_and_source_recovery
T25_017,1365000,1456000,0,0,0,1456000,98019dcca048d3e9cbee7eaafd6f1566ebf58a3455d46bbb959e28ad869da8ed,e2525ac7c52cb20a41e3cff402248df56f5dfed5f07bae369da8d23f633cb94d,audited_single_model_record_and_source_recovery,773500,949000,0,0,0,949000,35780d360c883157c6715dc25eaebc9e805ddb96aeb9c74c8d0d374de16cf553,e2525ac7c52cb20a41e3cff402248df56f5dfed5f07bae369da8d23f633cb94d,audited_single_model_record_and_source_recovery
T25_018,1365000,1456000,0,0,0,1456000,98019dcca048d3e9cbee7eaafd6f1566ebf58a3455d46bbb959e28ad869da8ed,2194ab6748bb1c30b2c7ec2f02d06ab81d6bfe008041a993f0b94b69c6e28777,audited_single_model_record_and_source_recovery,773500,949000,0,0,0,949000,35780d360c883157c6715dc25eaebc9e805ddb96aeb9c74c8d0d374de16cf553,2194ab6748bb1c30b2c7ec2f02d06ab81d6bfe008041a993f0b94b69c6e28777,audited_single_model_record_and_source_recovery
T25_019,10100,10200,0,0,0,10200,ef9e0979249caee6addad6174e36115aa8cdccfb18292a9296a958049b355c54,ecb6111178681b4cd89796324e33da25ad34e91ae57831aac61c0465ca348833,audited_single_model_record_and_source_recovery,5150,5349,0,0,0,5349,e184f1c5241ca7e35e65567613066bcbe95b65246dcba90ca0a180d0c1e19639,ecb6111178681b4cd89796324e33da25ad34e91ae57831aac61c0465ca348833,audited_single_model_record_and_source_recovery
T30_001,5256,5328,0,0,0,5328,8ea98fee4966834accab57c950dacf967dff7a45a556e4d1850eb6759a59a373,720239908dbda941c142136858de650503b0f92ed0f0108d7bcd7a8d7c241949,audited_single_model_record_and_source_recovery,5256,5328,0,0,0,5328,075ffa7091173e81d0791f70f73d1fec55d5374f1cbb69c28876ec03e558e457,720239908dbda941c142136858de650503b0f92ed0f0108d7bcd7a8d7c241949,audited_single_model_record_and_source_recovery
T30_004,1155,1124,0,0,0,1124,474b00f671db39676f30b3a1ff8de10ed9f2de4ba9c201d1343ece87f6149b93,c8cf779f326b1b3584e5500108310605e7aad6400d868270772b96c03cd4c298,audited_single_model_record_and_source_recovery,1155,1124,0,0,0,1124,91522acd784773894d4e3ed4eb9c0cf9256ee57e772666582e3b3408c6192627,c8cf779f326b1b3584e5500108310605e7aad6400d868270772b96c03cd4c298,audited_single_model_record_and_source_recovery
T30_005,1224,1192,0,0,0,1192,474b00f671db39676f30b3a1ff8de10ed9f2de4ba9c201d1343ece87f6149b93,ca5b48235b43d1636f0cf126235706b67d296ee8289f2d95d8ef9d147eb2c473,audited_single_model_record_and_source_recovery,1224,1192,0,0,0,1192,91522acd784773894d4e3ed4eb9c0cf9256ee57e772666582e3b3408c6192627,ca5b48235b43d1636f0cf126235706b67d296ee8289f2d95d8ef9d147eb2c473,audited_single_model_record_and_source_recovery
T30_006,1224,1192,0,0,0,1192,474b00f671db39676f30b3a1ff8de10ed9f2de4ba9c201d1343ece87f6149b93,922b1ecf6c1a29936cbf1b6343a99fae9853f114547013843b2fa72243bd7877,audited_single_model_record_and_source_recovery,1224,1192,0,0,0,1192,91522acd784773894d4e3ed4eb9c0cf9256ee57e772666582e3b3408c6192627,922b1ecf6c1a29936cbf1b6343a99fae9853f114547013843b2fa72243bd7877,audited_single_model_record_and_source_recovery
T30_007,1224,1192,0,0,0,1192,474b00f671db39676f30b3a1ff8de10ed9f2de4ba9c201d1343ece87f6149b93,68daf27e5657574166987d24f7ccc784b05e368711bdc095a2b878aa900a995a,audited_single_model_record_and_source_recovery,1224,1192,0,0,0,1192,91522acd784773894d4e3ed4eb9c0cf9256ee57e772666582e3b3408c6192627,68daf27e5657574166987d24f7ccc784b05e368711bdc095a2b878aa900a995a,audited_single_model_record_and_source_recovery
T30_008,1224,1192,0,0,0,1192,474b00f671db39676f30b3a1ff8de10ed9f2de4ba9c201d1343ece87f6149b93,f00c20498d0f6061a8bd2d2f9737c01dd5087491525c9957e3e51251b9a08240,audited_single_model_record_and_source_recovery,1224,1192,0,0,0,1192,91522acd784773894d4e3ed4eb9c0cf9256ee57e772666582e3b3408c6192627,f00c20498d0f6061a8bd2d2f9737c01dd5087491525c9957e3e51251b9a08240,audited_single_model_record_and_source_recovery
T30_009,1155,1124,0,0,0,1124,474b00f671db39676f30b3a1ff8de10ed9f2de4ba9c201d1343ece87f6149b93,bd9690f04731b575c333f4eac4d3d7f9a94bfb82daf1600f1a9ac4c6efdb617b,audited_single_model_record_and_source_recovery,1155,1124,0,0,0,1124,91522acd784773894d4e3ed4eb9c0cf9256ee57e772666582e3b3408c6192627,bd9690f04731b575c333f4eac4d3d7f9a94bfb82daf1600f1a9ac4c6efdb617b,audited_single_model_record_and_source_recovery
T30_010,1295,1262,0,0,0,1262,474b00f671db39676f30b3a1ff8de10ed9f2de4ba9c201d1343ece87f6149b93,eb1febafc8535330cd25a70ee9f7df480e7ec569c331719475dab9c4c1fe6f39,audited_single_model_record_and_source_recovery,1295,1262,0,0,0,1262,91522acd784773894d4e3ed4eb9c0cf9256ee57e772666582e3b3408c6192627,eb1febafc8535330cd25a70ee9f7df480e7ec569c331719475dab9c4c1fe6f39,audited_single_model_record_and_source_recovery
T30_011,1443,1408,0,0,0,1408,474b00f671db39676f30b3a1ff8de10ed9f2de4ba9c201d1343ece87f6149b93,f992e492ea7d822dbf909f61661e5a40e1e4d59fecdfca5b94fdf0aacfe02629,audited_single_model_record_and_source_recovery,1443,1408,0,0,0,1408,91522acd784773894d4e3ed4eb9c0cf9256ee57e772666582e3b3408c6192627,f992e492ea7d822dbf909f61661e5a40e1e4d59fecdfca5b94fdf0aacfe02629,audited_single_model_record_and_source_recovery
T30_012,1520,1484,0,0,0,1484,474b00f671db39676f30b3a1ff8de10ed9f2de4ba9c201d1343ece87f6149b93,dd150c47d8ffa997f664133e4d367220dfc68511e0cf1ca3df0a9c60d5b6b4d1,audited_single_model_record_and_source_recovery,1520,1484,0,0,0,1484,91522acd784773894d4e3ed4eb9c0cf9256ee57e772666582e3b3408c6192627,dd150c47d8ffa997f664133e4d367220dfc68511e0cf1ca3df0a9c60d5b6b4d1,audited_single_model_record_and_source_recovery
T30_013,1520,1484,0,0,0,1484,474b00f671db39676f30b3a1ff8de10ed9f2de4ba9c201d1343ece87f6149b93,4144fb94c7569ef1afcc94432751d00d522a497d6b7473fe4506971fc3648165,audited_single_model_record_and_source_recovery,1520,1484,0,0,0,1484,91522acd784773894d4e3ed4eb9c0cf9256ee57e772666582e3b3408c6192627,4144fb94c7569ef1afcc94432751d00d522a497d6b7473fe4506971fc3648165,audited_single_model_record_and_source_recovery
T30_014,1520,1484,0,0,0,1484,474b00f671db39676f30b3a1ff8de10ed9f2de4ba9c201d1343ece87f6149b93,d5c2464d9a7bc5a0ec9506393ecb8fc3bccfc12ee051ab56333d1d61326dc5a6,audited_single_model_record_and_source_recovery,1520,1484,0,0,0,1484,91522acd784773894d4e3ed4eb9c0cf9256ee57e772666582e3b3408c6192627,d5c2464d9a7bc5a0ec9506393ecb8fc3bccfc12ee051ab56333d1d61326dc5a6,audited_single_model_record_and_source_recovery
T30_015,1224,1192,0,0,0,1192,474b00f671db39676f30b3a1ff8de10ed9f2de4ba9c201d1343ece87f6149b93,f230d1f2cc7eccb78b714208d2d215a0f5ff661ad159a4d0fe579c8dd487f99b,audited_single_model_record_and_source_recovery,1224,1192,0,0,0,1192,0b76ef9602a63035c9579ffd8d37e6e8aa3a862460ff2d65b8f0165976bc7571,f230d1f2cc7eccb78b714208d2d215a0f5ff661ad159a4d0fe579c8dd487f99b,audited_single_model_record_and_source_recovery
T30_016,1295,1262,0,0,0,1262,898da8a0e3a365e4b60236fc186531cb0378d55e2ffa927a7065db46ba06c6b9,cd50407648cfed7c8097b1e795b6bb07d93c1717a9179e0d008f36a6630defad,audited_single_model_record_and_source_recovery,1295,1262,0,0,0,1262,3c44859d71b4d443677ac37c6deb12cf6dbd94e78aef6d2987952fc0401e5e8e,cd50407648cfed7c8097b1e795b6bb07d93c1717a9179e0d008f36a6630defad,audited_single_model_record_and_source_recovery
T30_017,2379,2316,0,0,0,2316,203a28f1e7a7dfa9f09800b81d180573c29564f8b0ca505626afab5683121c1f,8f1c3bae7a21cad3c4b8945ca2b88b87a467c336454c22118e5d1b199722d1b8,audited_single_model_record_and_source_recovery,2379,2316,0,0,0,2316,6c44e5770679bfc913ea9119fcf1479a3f280a7c05894f4386bdb5a890216e2f,8f1c3bae7a21cad3c4b8945ca2b88b87a467c336454c22118e5d1b199722d1b8,audited_single_model_record_and_source_recovery
T30_018,10230,9968,0,0,0,9968,203a28f1e7a7dfa9f09800b81d180573c29564f8b0ca505626afab5683121c1f,77839ce89ff3040779020985a641a16b0178cee9ae651e44fa9c70722fa011f3,audited_single_model_record_and_source_recovery,10230,9968,0,0,0,9968,5d629429e3a390667bf21c2ea3bc6206c3649e2c33e469e31a6a816f7d7728c0,77839ce89ff3040779020985a641a16b0178cee9ae651e44fa9c70722fa011f3,audited_single_model_record_and_source_recovery
T34_001,370,234,0,0,0,234,ebf606609779b94d18f510fa51653332a8893b6c33bf2a6cd7db3459c4126f0e,29ebfe08e94b795a31ff2c1144174f12f4258d48ee0c6be81aa0fd9dafc586e0,audited_single_model_record_and_source_recovery,136,234,0,0,0,234,2af462ec5a740c12545afde9e63b66c8504fbc2290971ff87285a4b1d0685698,29ebfe08e94b795a31ff2c1144174f12f4258d48ee0c6be81aa0fd9dafc586e0,audited_single_model_record_and_source_recovery
T34_002,400,255,0,0,0,255,2fbdd73f14e4a7f8531968b3a0bebf02d854b0fceb5ff26e9502ef80c82d0152,51b97def6f2a9111f387b003f08a04644c4d18f46bbc82970452b19b802e36f8,audited_single_model_record_and_source_recovery,145,255,0,0,0,255,37e3495b35b500e7e8871aa376cb94583b7b11669444648c7a569a7f6996a16e,51b97def6f2a9111f387b003f08a04644c4d18f46bbc82970452b19b802e36f8,audited_single_model_record_and_source_recovery
T34_003,404,258,0,0,0,258,2fbdd73f14e4a7f8531968b3a0bebf02d854b0fceb5ff26e9502ef80c82d0152,c3fd8550d7eabc699cae165d5c8e59a4518a3ec165fe8406ec4bf2d7f8f88406,audited_single_model_record_and_source_recovery,146,258,0,0,0,258,37e3495b35b500e7e8871aa376cb94583b7b11669444648c7a569a7f6996a16e,c3fd8550d7eabc699cae165d5c8e59a4518a3ec165fe8406ec4bf2d7f8f88406,audited_single_model_record_and_source_recovery
T34_004,370,234,0,0,0,234,2fbdd73f14e4a7f8531968b3a0bebf02d854b0fceb5ff26e9502ef80c82d0152,c9a8ed5e7b2af2adcb447c9e2fef583b5250923301d6e365a910cb6b82c502be,audited_single_model_record_and_source_recovery,136,234,0,0,0,234,37e3495b35b500e7e8871aa376cb94583b7b11669444648c7a569a7f6996a16e,c9a8ed5e7b2af2adcb447c9e2fef583b5250923301d6e365a910cb6b82c502be,audited_single_model_record_and_source_recovery
T34_005,392,250,0,0,0,250,ebf606609779b94d18f510fa51653332a8893b6c33bf2a6cd7db3459c4126f0e,7a90adcb1c9f42b00d02878dc1088803ccf25ead769d107f3428e5600ab2e869,audited_single_model_record_and_source_recovery,142,250,0,0,0,250,2af462ec5a740c12545afde9e63b66c8504fbc2290971ff87285a4b1d0685698,7a90adcb1c9f42b00d02878dc1088803ccf25ead769d107f3428e5600ab2e869,audited_single_model_record_and_source_recovery
T34_006,410,262,0,0,0,262,2fbdd73f14e4a7f8531968b3a0bebf02d854b0fceb5ff26e9502ef80c82d0152,0eb73ab4e80bb383c6c59c1ef994985840eff8494af71a8d0601e46bdd826ca1,audited_single_model_record_and_source_recovery,148,262,0,0,0,262,37e3495b35b500e7e8871aa376cb94583b7b11669444648c7a569a7f6996a16e,0eb73ab4e80bb383c6c59c1ef994985840eff8494af71a8d0601e46bdd826ca1,audited_single_model_record_and_source_recovery
T34_007,370,234,0,0,0,234,ebf606609779b94d18f510fa51653332a8893b6c33bf2a6cd7db3459c4126f0e,e39eaa33b1dd8a8fb545f78c6edec6cd9a9fbe5d69d627d50330f63b4f56fb6d,audited_single_model_record_and_source_recovery,136,234,0,0,0,234,2af462ec5a740c12545afde9e63b66c8504fbc2290971ff87285a4b1d0685698,e39eaa33b1dd8a8fb545f78c6edec6cd9a9fbe5d69d627d50330f63b4f56fb6d,audited_single_model_record_and_source_recovery
T34_008,392,250,0,0,0,250,2fbdd73f14e4a7f8531968b3a0bebf02d854b0fceb5ff26e9502ef80c82d0152,05821487dc357f586892f9a6d4e444b4911f110661bd1fe8fe4fba12ee1bec12,audited_single_model_record_and_source_recovery,142,250,0,0,0,250,37e3495b35b500e7e8871aa376cb94583b7b11669444648c7a569a7f6996a16e,05821487dc357f586892f9a6d4e444b4911f110661bd1fe8fe4fba12ee1bec12,audited_single_model_record_and_source_recovery
T34_009,410,262,0,0,0,262,ebf606609779b94d18f510fa51653332a8893b6c33bf2a6cd7db3459c4126f0e,5b22cae9831e76462547ad25760c907aa0ff8957d8dd4792e8b84e17c2654bc8,audited_single_model_record_and_source_recovery,148,262,0,0,0,262,2af462ec5a740c12545afde9e63b66c8504fbc2290971ff87285a4b1d0685698,5b22cae9831e76462547ad25760c907aa0ff8957d8dd4792e8b84e17c2654bc8,audited_single_model_record_and_source_recovery
T34_010,400,255,0,0,0,255,ebf606609779b94d18f510fa51653332a8893b6c33bf2a6cd7db3459c4126f0e,5ba94fda60b5d9203d30bfced293cbeb65a5311326f8dbf11d818409edd13dce,audited_single_model_record_and_source_recovery,145,255,0,0,0,255,2af462ec5a740c12545afde9e63b66c8504fbc2290971ff87285a4b1d0685698,5ba94fda60b5d9203d30bfced293cbeb65a5311326f8dbf11d818409edd13dce,audited_single_model_record_and_source_recovery
T34_011,392,250,0,0,0,250,ebf606609779b94d18f510fa51653332a8893b6c33bf2a6cd7db3459c4126f0e,d27105bf0cdc7353e0d0bbf2db7aa7cf0478a80758ab27dcdcc507a25e859e97,audited_single_model_record_and_source_recovery,142,250,0,0,0,250,2af462ec5a740c12545afde9e63b66c8504fbc2290971ff87285a4b1d0685698,d27105bf0cdc7353e0d0bbf2db7aa7cf0478a80758ab27dcdcc507a25e859e97,audited_single_model_record_and_source_recovery
T34_012,402,256,0,0,0,256,2fbdd73f14e4a7f8531968b3a0bebf02d854b0fceb5ff26e9502ef80c82d0152,c9cec147ecc0bc56ee4b3065580084f8d87b0074701841c6c69ea38c4cc6ad4c,audited_single_model_record_and_source_recovery,146,256,0,0,0,256,37e3495b35b500e7e8871aa376cb94583b7b11669444648c7a569a7f6996a16e,c9cec147ecc0bc56ee4b3065580084f8d87b0074701841c6c69ea38c4cc6ad4c,audited_single_model_record_and_source_recovery
T34_013,422,269,0,0,0,269,ebf606609779b94d18f510fa51653332a8893b6c33bf2a6cd7db3459c4126f0e,3f18bc9cf6bce27cc735d81454359964ce141d4eda281a792868edcf443cd719,audited_single_model_record_and_source_recovery,153,269,0,0,0,269,2af462ec5a740c12545afde9e63b66c8504fbc2290971ff87285a4b1d0685698,3f18bc9cf6bce27cc735d81454359964ce141d4eda281a792868edcf443cd719,audited_single_model_record_and_source_recovery
T34_014,385,245,0,0,0,245,ebf606609779b94d18f510fa51653332a8893b6c33bf2a6cd7db3459c4126f0e,533a2af752a3a90e03be62fa391848c071aec954f4c56b62d727545a36c84241,audited_single_model_record_and_source_recovery,140,245,0,0,0,245,2af462ec5a740c12545afde9e63b66c8504fbc2290971ff87285a4b1d0685698,533a2af752a3a90e03be62fa391848c071aec954f4c56b62d727545a36c84241,audited_single_model_record_and_source_recovery
T34_015,385,245,0,0,0,245,ebf606609779b94d18f510fa51653332a8893b6c33bf2a6cd7db3459c4126f0e,88e03d8b1c675c30f385d86d9a0ac9adbd353d12aba61780594766a3d475725e,audited_single_model_record_and_source_recovery,140,245,0,0,0,245,2af462ec5a740c12545afde9e63b66c8504fbc2290971ff87285a4b1d0685698,88e03d8b1c675c30f385d86d9a0ac9adbd353d12aba61780594766a3d475725e,audited_single_model_record_and_source_recovery
T34_016,385,245,0,0,0,245,2fbdd73f14e4a7f8531968b3a0bebf02d854b0fceb5ff26e9502ef80c82d0152,4b524b41a640e023f35e31b0a792e8ef3912fd4ba9f2082ae4ea08f4f2390842,audited_single_model_record_and_source_recovery,140,245,0,0,0,245,37e3495b35b500e7e8871aa376cb94583b7b11669444648c7a569a7f6996a16e,4b524b41a640e023f35e31b0a792e8ef3912fd4ba9f2082ae4ea08f4f2390842,audited_single_model_record_and_source_recovery
T35_001,240000,488180,0,0,0,488180,d5e443a326fa921c6e323329d4523404abb240e6ca16838357f93b0c68bbbf4a,c615ee7d55fc94146582eab97890a0a8bcc760982b684c9e36ec0bc62b198a31,audited_single_model_record_and_source_recovery,232000,16180,0,0,0,16180,b68a62fd2fcab1dbaa5e24e40ce7efa06951c3451eac6d1b0da09f7e66ea87b6,c615ee7d55fc94146582eab97890a0a8bcc760982b684c9e36ec0bc62b198a31,audited_single_model_record_and_source_recovery
T35_002,34560,104040,0,0,0,104040,fde95dd2d54e11ddcf341a75c9927b0c74f45782c9431922ad82ad8362675df1,6842ade205d905fbc239d6fb1ffede4e15af9edc9513f6a95656fe6943e0de2c,audited_single_model_record_and_source_recovery,34200,104040,0,0,0,104040,49c77b8cadf980c85b9658eb2be9daae03922dab03538eec1f3d0eb41d912199,6842ade205d905fbc239d6fb1ffede4e15af9edc9513f6a95656fe6943e0de2c,audited_single_model_record_and_source_recovery
T35_003,99200,150400,0,0,0,150400,fde95dd2d54e11ddcf341a75c9927b0c74f45782c9431922ad82ad8362675df1,2f762928cc021ec149077e7191d7f23683a01bfefc792125d08c5b9e6b1b3a20,audited_single_model_record_and_source_recovery,97600,150400,0,0,0,150400,49c77b8cadf980c85b9658eb2be9daae03922dab03538eec1f3d0eb41d912199,2f762928cc021ec149077e7191d7f23683a01bfefc792125d08c5b9e6b1b3a20,audited_single_model_record_and_source_recovery
T35_004,36750,110625,0,0,0,110625,fde95dd2d54e11ddcf341a75c9927b0c74f45782c9431922ad82ad8362675df1,1b6e17452758d9d9e2ec7b46b6bf0273627f23e0be340b25e3ada8dcc8180762,audited_single_model_record_and_source_recovery,36375,110625,0,0,0,110625,49c77b8cadf980c85b9658eb2be9daae03922dab03538eec1f3d0eb41d912199,1b6e17452758d9d9e2ec7b46b6bf0273627f23e0be340b25e3ada8dcc8180762,audited_single_model_record_and_source_recovery
T35_005,108800,164900,0,0,0,164900,fde95dd2d54e11ddcf341a75c9927b0c74f45782c9431922ad82ad8362675df1,6ca870e60ccb864f479c3e39ed60a5083230525436eabe9f003e33494bd6eaae,audited_single_model_record_and_source_recovery,107100,164900,0,0,0,164900,49c77b8cadf980c85b9658eb2be9daae03922dab03538eec1f3d0eb41d912199,6ca870e60ccb864f479c3e39ed60a5083230525436eabe9f003e33494bd6eaae,audited_single_model_record_and_source_recovery
T35_006,39000,117390,0,0,0,117390,fde95dd2d54e11ddcf341a75c9927b0c74f45782c9431922ad82ad8362675df1,c5b5c6913a4eb01431f4784fd665e8858729645cb35cadfe9f3ed4d63b36b85c,audited_single_model_record_and_source_recovery,38610,117390,0,0,0,117390,49c77b8cadf980c85b9658eb2be9daae03922dab03538eec1f3d0eb41d912199,c5b5c6913a4eb01431f4784fd665e8858729645cb35cadfe9f3ed4d63b36b85c,audited_single_model_record_and_source_recovery
T35_007,118800,180000,0,0,0,180000,fde95dd2d54e11ddcf341a75c9927b0c74f45782c9431922ad82ad8362675df1,03eedb3556923257a08320e3e12c119711819a9c67e88560fd3dca4b27e76dd8,audited_single_model_record_and_source_recovery,117000,180000,0,0,0,180000,49c77b8cadf980c85b9658eb2be9daae03922dab03538eec1f3d0eb41d912199,03eedb3556923257a08320e3e12c119711819a9c67e88560fd3dca4b27e76dd8,audited_single_model_record_and_source_recovery
T35_008,129200,195700,0,0,0,195700,fde95dd2d54e11ddcf341a75c9927b0c74f45782c9431922ad82ad8362675df1,622f4b75b0ff27ccd83e20f9dfac826e4d5a156a01276912e4aa1f5da282f724,audited_single_model_record_and_source_recovery,127300,195700,0,0,0,195700,49c77b8cadf980c85b9658eb2be9daae03922dab03538eec1f3d0eb41d912199,622f4b75b0ff27ccd83e20f9dfac826e4d5a156a01276912e4aa1f5da282f724,audited_single_model_record_and_source_recovery
T35_009,2550000,850000,0,0,0,850000,6a134f1e082cb5cacb1a33f29817bed67514aa254c8df457421de17c2faedc29,3f75dbec410be016e8394d20e12046fcf58b57ccbd2e46aec017d847ae76d08a,audited_single_model_record_and_source_recovery,1700000,850000,0,0,0,850000,d32bd6ddf2f8e7075f3fbdaee08665186846beb6a969c3057e3f0ca0ae1600b5,3f75dbec410be016e8394d20e12046fcf58b57ccbd2e46aec017d847ae76d08a,audited_single_model_record_and_source_recovery
T35_010,1260000,1260000,0,0,0,1260000,a54805c18b26a1821a8c874a47f30d29e087424338b2305d613138cc5a1c11ec,dfda30387349832cf120e1ddbdfcdedc3b29da237827aaba81a9cf40ce88e1f6,audited_single_model_record_and_source_recovery,840000,1260000,0,0,0,1260000,1d8c3fcbec4c885f056d7f7562541d5b914344426a1c2fdb0512e0317b781b95,dfda30387349832cf120e1ddbdfcdedc3b29da237827aaba81a9cf40ce88e1f6,audited_single_model_record_and_source_recovery
T35_011,2000000,1000000,0,0,0,1000000,00bcb84afcce53fa74725459fcf648f5a47085d3a2c296df81781d4b17f1f9b5,326edfe8a5ba9d31a3531e46c6a9347b56c319541fbd5fb03abdda85ed785a40,audited_single_model_record_and_source_recovery,1000000,1000000,0,0,0,1000000,93b7c8f1e36b055e1723b9344ff09287c3f8153229623205de95f33b3b15a169,326edfe8a5ba9d31a3531e46c6a9347b56c319541fbd5fb03abdda85ed785a40,audited_single_model_record_and_source_recovery
T35_012,2100,2940,0,0,0,2940,fde95dd2d54e11ddcf341a75c9927b0c74f45782c9431922ad82ad8362675df1,dab3a711820901829195509580bd3b7f336389289eb98cafa24b95b100aa8444,audited_single_model_record_and_source_recovery,2085,2940,0,0,0,2940,49c77b8cadf980c85b9658eb2be9daae03922dab03538eec1f3d0eb41d912199,dab3a711820901829195509580bd3b7f336389289eb98cafa24b95b100aa8444,audited_single_model_record_and_source_recovery
T35_013,20501,21620,0,0,0,21620,c8ce7bb06762bc0360a8d937e5768f95109b6aa445fa58bfbef64b1985a16214,65da410427d4dc5a46f746bd04c18b8e1e42edc14ce79d84a7e3a88d39102ab5,audited_single_model_record_and_source_recovery,20401,20945,0,0,0,20945,1227a1341ebfc6c03c35342732580f3d2c84aa60baaa7dc0341fc8029bf1651c,65da410427d4dc5a46f746bd04c18b8e1e42edc14ce79d84a7e3a88d39102ab5,audited_single_model_record_and_source_recovery
T38_001,1300002,2600000,0,0,0,2600000,52739571b78c6d3427a250e3c88ee621f616fc3e20c42617efffabaa5bbc3551,3883bfe9c0926db218c90e07a698110f73a8c511738d5803da8ab6738ea385dd,audited_single_model_record_and_source_recovery,1300002,2,0,0,0,2,6cd9cc33c74c967fa6a027df17950df8ac25c4821ae73cbd63760bf45202dadd,3883bfe9c0926db218c90e07a698110f73a8c511738d5803da8ab6738ea385dd,audited_single_model_record_and_source_recovery
T38_002,1500003,3000000,0,0,0,3000000,52739571b78c6d3427a250e3c88ee621f616fc3e20c42617efffabaa5bbc3551,8dc014b426c96556bde6670754a164de73750919dba9ac3a307383b4a56c85f6,audited_single_model_record_and_source_recovery,1500003,3,0,0,0,3,6cd9cc33c74c967fa6a027df17950df8ac25c4821ae73cbd63760bf45202dadd,8dc014b426c96556bde6670754a164de73750919dba9ac3a307383b4a56c85f6,audited_single_model_record_and_source_recovery
T38_005,30,2048000,0,0,0,2048000,8a61a15f7f4e0c1e8a34fbe550dab82c8646d665c3656c6d1cef8b611ccb0325,4bdbbc1d4db955ca325c42fb3361a55cda30804b204b2589099c4ea4a00258e1,existing_replay_pre_solve_attributes,2030,5838,0,0,0,5838,34a9ddd5e76b62d03e43b6e650647ba6bf61492b1584498f9ddccae39f69014f,4bdbbc1d4db955ca325c42fb3361a55cda30804b204b2589099c4ea4a00258e1,existing_replay_pre_solve_attributes
T38_006,30,2252800,0,0,0,2252800,8a61a15f7f4e0c1e8a34fbe550dab82c8646d665c3656c6d1cef8b611ccb0325,b1769d7a1afcc746a994f4c839ca60ebbf077ce80d0a63fdc8c4296425ccbef3,existing_replay_pre_solve_attributes,2230,8554,0,0,0,8554,34a9ddd5e76b62d03e43b6e650647ba6bf61492b1584498f9ddccae39f69014f,b1769d7a1afcc746a994f4c839ca60ebbf077ce80d0a63fdc8c4296425ccbef3,existing_replay_pre_solve_attributes
T38_007,30,3686400,0,0,0,3686400,8a61a15f7f4e0c1e8a34fbe550dab82c8646d665c3656c6d1cef8b611ccb0325,9ab0010811f927108a7ae853128b7fa428179e1a42979f64d50a0bc32ddfefc1,static_current_input_dimensions_with_archived_count_agreement,1830,7214,0,0,0,7214,34a9ddd5e76b62d03e43b6e650647ba6bf61492b1584498f9ddccae39f69014f,9ab0010811f927108a7ae853128b7fa428179e1a42979f64d50a0bc32ddfefc1,existing_replay_pre_solve_attributes
T38_008,30,1228800,0,0,0,1228800,8a61a15f7f4e0c1e8a34fbe550dab82c8646d665c3656c6d1cef8b611ccb0325,e14c88aa008e78c07b7cbc77f3249dc36129d6521eb5f72c806c335d0e6fd77a,existing_replay_pre_solve_attributes,2430,8884,0,0,0,8884,34a9ddd5e76b62d03e43b6e650647ba6bf61492b1584498f9ddccae39f69014f,e14c88aa008e78c07b7cbc77f3249dc36129d6521eb5f72c806c335d0e6fd77a,existing_replay_pre_solve_attributes
T38_009,30,4096000,0,0,0,4096000,8a61a15f7f4e0c1e8a34fbe550dab82c8646d665c3656c6d1cef8b611ccb0325,c48f006b68a9e9d215a66e42b63108e14a755c476f0a342f41fcbaa2d29850ec,static_current_input_dimensions_with_archived_count_agreement,2030,7701,0,0,0,7701,34a9ddd5e76b62d03e43b6e650647ba6bf61492b1584498f9ddccae39f69014f,c48f006b68a9e9d215a66e42b63108e14a755c476f0a342f41fcbaa2d29850ec,existing_replay_pre_solve_attributes
T44_001,6210000,5000,0,0,0,5000,dcb7e75faeb4ad60df664480526879b4c691fc69fe897dbce4d4ae423f89b0bf,da2c7c7950e31847b3677c036bfb1a11054648dccd4588542a1ca976cf2efd0c,audited_single_model_record_and_source_recovery,6210000,5000,0,0,0,5000,8bf8125e35f1bf8e4ff6717c2914711ba77a34998b3e07ecc89ead34d3d4b080,da2c7c7950e31847b3677c036bfb1a11054648dccd4588542a1ca976cf2efd0c,audited_single_model_record_and_source_recovery
T44_002,6210000,5000,0,0,0,5000,dcb7e75faeb4ad60df664480526879b4c691fc69fe897dbce4d4ae423f89b0bf,f7c82fcbe4f5b2f09641b9255dfe4a34e85f8b76a0034cd0b981033311ba03b1,audited_single_model_record_and_source_recovery,6210000,5000,0,0,0,5000,8bf8125e35f1bf8e4ff6717c2914711ba77a34998b3e07ecc89ead34d3d4b080,f7c82fcbe4f5b2f09641b9255dfe4a34e85f8b76a0034cd0b981033311ba03b1,audited_single_model_record_and_source_recovery
T44_003,6210000,5000,0,0,0,5000,dcb7e75faeb4ad60df664480526879b4c691fc69fe897dbce4d4ae423f89b0bf,51c20ff452178fb9da2675220026d4d257a87a91f9a492b64c6af33b9778f0ea,audited_single_model_record_and_source_recovery,6210000,5000,0,0,0,5000,8bf8125e35f1bf8e4ff6717c2914711ba77a34998b3e07ecc89ead34d3d4b080,51c20ff452178fb9da2675220026d4d257a87a91f9a492b64c6af33b9778f0ea,audited_single_model_record_and_source_recovery
T44_004,5670000,4800,0,0,0,4800,dcb7e75faeb4ad60df664480526879b4c691fc69fe897dbce4d4ae423f89b0bf,736ea406a6a9d73821aed9f469d1e330ee0ecddf84f29e0ed69f52a8dde58abc,audited_single_model_record_and_source_recovery,5670000,4800,0,0,0,4800,8bf8125e35f1bf8e4ff6717c2914711ba77a34998b3e07ecc89ead34d3d4b080,736ea406a6a9d73821aed9f469d1e330ee0ecddf84f29e0ed69f52a8dde58abc,audited_single_model_record_and_source_recovery
T44_005,6210000,5000,0,0,0,5000,dcb7e75faeb4ad60df664480526879b4c691fc69fe897dbce4d4ae423f89b0bf,97a786eee47b7be12cd0f9ab028c3dda9a9f46aa512bf8e59858745cad5adc77,audited_single_model_record_and_source_recovery,6210000,5000,0,0,0,5000,8bf8125e35f1bf8e4ff6717c2914711ba77a34998b3e07ecc89ead34d3d4b080,97a786eee47b7be12cd0f9ab028c3dda9a9f46aa512bf8e59858745cad5adc77,audited_single_model_record_and_source_recovery
T44_006,6210000,5000,0,0,0,5000,dcb7e75faeb4ad60df664480526879b4c691fc69fe897dbce4d4ae423f89b0bf,61c5bd876e980856c2d26c0e5bbfd629e0031e4bda686b5bcdefcbba345a2202,audited_single_model_record_and_source_recovery,6210000,5000,0,0,0,5000,8bf8125e35f1bf8e4ff6717c2914711ba77a34998b3e07ecc89ead34d3d4b080,61c5bd876e980856c2d26c0e5bbfd629e0031e4bda686b5bcdefcbba345a2202,audited_single_model_record_and_source_recovery
T44_007,6210000,5000,0,0,0,5000,dcb7e75faeb4ad60df664480526879b4c691fc69fe897dbce4d4ae423f89b0bf,c8a99a8b6f1b51fbb277d78e0a4d3c61c0596378cb6a157cfc735c2b1421e34b,audited_single_model_record_and_source_recovery,6210000,5000,0,0,0,5000,8bf8125e35f1bf8e4ff6717c2914711ba77a34998b3e07ecc89ead34d3d4b080,c8a99a8b6f1b51fbb277d78e0a4d3c61c0596378cb6a157cfc735c2b1421e34b,audited_single_model_record_and_source_recovery
T44_008,6210000,5000,0,0,0,5000,dcb7e75faeb4ad60df664480526879b4c691fc69fe897dbce4d4ae423f89b0bf,4435f14f1580c6e68ef38b36483ca1c3c39848d369f68d460f26c59011a55d54,audited_single_model_record_and_source_recovery,6210000,5000,0,0,0,5000,8bf8125e35f1bf8e4ff6717c2914711ba77a34998b3e07ecc89ead34d3d4b080,4435f14f1580c6e68ef38b36483ca1c3c39848d369f68d460f26c59011a55d54,audited_single_model_record_and_source_recovery
T44_012,6210000,5000,0,0,0,5000,dcb7e75faeb4ad60df664480526879b4c691fc69fe897dbce4d4ae423f89b0bf,b1241e828e857dfa3d53406fc7c92a907b91b7e76a6128c2f3b3adade380065c,audited_single_model_record_and_source_recovery,6210000,5000,0,0,0,5000,8bf8125e35f1bf8e4ff6717c2914711ba77a34998b3e07ecc89ead34d3d4b080,b1241e828e857dfa3d53406fc7c92a907b91b7e76a6128c2f3b3adade380065c,audited_single_model_record_and_source_recovery
T44_013,6210000,5000,0,0,0,5000,dcb7e75faeb4ad60df664480526879b4c691fc69fe897dbce4d4ae423f89b0bf,218e61aba7edeca2bad99a393c0d781974d7f0c113ad0bd6103579e891f5938c,audited_single_model_record_and_source_recovery,6210000,5000,0,0,0,5000,8bf8125e35f1bf8e4ff6717c2914711ba77a34998b3e07ecc89ead34d3d4b080,218e61aba7edeca2bad99a393c0d781974d7f0c113ad0bd6103579e891f5938c,audited_single_model_record_and_source_recovery
T44_014,6210000,5000,0,0,0,5000,dcb7e75faeb4ad60df664480526879b4c691fc69fe897dbce4d4ae423f89b0bf,09f105d2bac89042a44c3d0e1ccf7a7756d4d2dd2d6e9d00eda020ff2cc70d48,audited_single_model_record_and_source_recovery,6210000,5000,0,0,0,5000,8bf8125e35f1bf8e4ff6717c2914711ba77a34998b3e07ecc89ead34d3d4b080,09f105d2bac89042a44c3d0e1ccf7a7756d4d2dd2d6e9d00eda020ff2cc70d48,audited_single_model_record_and_source_recovery
T44_016,5670000,4800,0,0,0,4800,dcb7e75faeb4ad60df664480526879b4c691fc69fe897dbce4d4ae423f89b0bf,2f16cfe2a1b2c4184caad123241cae03bbcea4d0f9c877014ced4037f9dd1c04,audited_single_model_record_and_source_recovery,5670000,4800,0,0,0,4800,8bf8125e35f1bf8e4ff6717c2914711ba77a34998b3e07ecc89ead34d3d4b080,2f16cfe2a1b2c4184caad123241cae03bbcea4d0f9c877014ced4037f9dd1c04,audited_single_model_record_and_source_recovery
T44_018,260000,1020,0,0,0,1020,f90756f38f57e0fc49ac183fc4e8600c597844e1fec516407eab3ad3e93e67ca,323d64c1df91294542dac95511ffb5592b3565ebb1234bbf5bb00c6937ab22cd,audited_single_model_record_and_source_recovery,260000,1020,0,0,0,1020,94811c642c9a835109c684c919eeb5ba95877f1d458a27578b664fb5192fbb9c,323d64c1df91294542dac95511ffb5592b3565ebb1234bbf5bb00c6937ab22cd,audited_single_model_record_and_source_recovery
T44_019,372000,1220,0,0,0,1220,f90756f38f57e0fc49ac183fc4e8600c597844e1fec516407eab3ad3e93e67ca,e579392cccd3104c717ae8c34820ae1d83da687a8dd9be7da776a4f1a9543cf4,audited_single_model_record_and_source_recovery,372000,1220,0,0,0,1220,94811c642c9a835109c684c919eeb5ba95877f1d458a27578b664fb5192fbb9c,e579392cccd3104c717ae8c34820ae1d83da687a8dd9be7da776a4f1a9543cf4,audited_single_model_record_and_source_recovery
T48_001,4289,4162,0,0,0,4162,6e4c842d8636ccd033118a54a490637257ed322af6aa7b30bc405105b58fd252,1f1dd81ff2393a6827ced1a475001955bd895d965d451f5c475c3106c1e10d6a,audited_single_model_record_and_source_recovery,8256,4290,0,0,0,4290,8830a71dc9a14f53c55ce595cad7817312d8b40e59fa6c2d2eb9d4f1040df426,1f1dd81ff2393a6827ced1a475001955bd895d965d451f5c475c3106c1e10d6a,audited_single_model_record_and_source_recovery
T48_002,6399,6322,0,0,0,6322,9445f42d046d0b07de6b260842361886e5fd8833a4192b4c23c77c1c819cc234,13a9d5a0951bea050d381205930eb566b7eb1e84d8304ed46e5426f104bd46e9,audited_single_model_record_and_source_recovery,12640,15961,0,0,0,15961,e68bc15cf8aff9f46d86457750166f61f9aef4654d53b34f5ce29c4a028da486,13a9d5a0951bea050d381205930eb566b7eb1e84d8304ed46e5426f104bd46e9,audited_single_model_record_and_source_recovery
T48_003,6873,6802,0,0,0,6802,9e55e2c205c77c1c86fe2fb613290da529be48606157c9f240ce04c695580702,a0390a53077145c7733afe9c02bbf369b5056a21b4c1b37a6cc7baeceb3a74b9,audited_single_model_record_and_source_recovery,13498,6963,0,0,0,6963,e4e4b4273575bbe77ccdcc5c1a1d2bba21b627319e683b7c76eedd007eaaf0cd,a0390a53077145c7733afe9c02bbf369b5056a21b4c1b37a6cc7baeceb3a74b9,audited_single_model_record_and_source_recovery
T48_004,13668,13565,0,0,0,13565,fd3a347c1f4c514ab968318abe3ebdbc20110b8c63e63f2a8a55f29d8a16ad7e,54eed7539370fc460dd7cbed722e5127f4d646d6b612c5df1fe9fa7d535a11b6,audited_single_model_record_and_source_recovery,26982,13792,0,0,0,13792,3cdeaa1c974cc3198bc82c18861dc4abc1fbcac42eae15afb4960c8b857db440,54eed7539370fc460dd7cbed722e5127f4d646d6b612c5df1fe9fa7d535a11b6,audited_single_model_record_and_source_recovery
T48_005,7724,7647,0,0,0,7647,fd3a347c1f4c514ab968318abe3ebdbc20110b8c63e63f2a8a55f29d8a16ad7e,69a95f8a96072c53791b45c9212aa198f3ee2b982415ed4c18f38594556e5ee9,audited_single_model_record_and_source_recovery,15186,7820,0,0,0,7820,3cdeaa1c974cc3198bc82c18861dc4abc1fbcac42eae15afb4960c8b857db440,69a95f8a96072c53791b45c9212aa198f3ee2b982415ed4c18f38594556e5ee9,audited_single_model_record_and_source_recovery
T48_006,12534,12437,0,0,0,12437,9e55e2c205c77c1c86fe2fb613290da529be48606157c9f240ce04c695580702,b5b21bf0db4db90e20622933c071f08bfbb44e452545f67797d1f423dc2ee32e,audited_single_model_record_and_source_recovery,24735,12659,0,0,0,12659,e4e4b4273575bbe77ccdcc5c1a1d2bba21b627319e683b7c76eedd007eaaf0cd,b5b21bf0db4db90e20622933c071f08bfbb44e452545f67797d1f423dc2ee32e,audited_single_model_record_and_source_recovery
T48_007,14871,14764,0,0,0,14764,9e55e2c205c77c1c86fe2fb613290da529be48606157c9f240ce04c695580702,4126b75b7a03632ef24fe5205585010774fefe2ca95ec8696ca2ccb51abd6bb0,audited_single_model_record_and_source_recovery,29378,15005,0,0,0,15005,e4e4b4273575bbe77ccdcc5c1a1d2bba21b627319e683b7c76eedd007eaaf0cd,4126b75b7a03632ef24fe5205585010774fefe2ca95ec8696ca2ccb51abd6bb0,audited_single_model_record_and_source_recovery
T48_008,6965,6892,0,0,0,6892,1a6748fc45e21a3ed03c7f08f4feaaa88638ddc33a94f00ccc88b0e9319441d6,50dbd80a7dbc9adfead4c8c674d69c81f2831705dd1691cfa22b2cd818d4e324,audited_single_model_record_and_source_recovery,13764,7133,0,0,0,7133,fce4b80452ca09e121fa1aceaf705d3208f9025c4ba8ddaff67101213d5e69f9,50dbd80a7dbc9adfead4c8c674d69c81f2831705dd1691cfa22b2cd818d4e324,audited_single_model_record_and_source_recovery
T48_009,10448,10358,0,0,0,10358,fd3a347c1f4c514ab968318abe3ebdbc20110b8c63e63f2a8a55f29d8a16ad7e,921076996559453066da8108616b89c41e3b0f545783cbda3d4c6e411bff95b3,audited_single_model_record_and_source_recovery,20585,10555,0,0,0,10555,3cdeaa1c974cc3198bc82c18861dc4abc1fbcac42eae15afb4960c8b857db440,921076996559453066da8108616b89c41e3b0f545783cbda3d4c6e411bff95b3,audited_single_model_record_and_source_recovery
T48_010,13663,13557,0,0,0,13557,fd3a347c1f4c514ab968318abe3ebdbc20110b8c63e63f2a8a55f29d8a16ad7e,ec1c5e32db09336a5613bd9d8e8754f38e4cf5ac307ffe70f8ffe3a4220c4946,audited_single_model_record_and_source_recovery,26974,13789,0,0,0,13789,3cdeaa1c974cc3198bc82c18861dc4abc1fbcac42eae15afb4960c8b857db440,ec1c5e32db09336a5613bd9d8e8754f38e4cf5ac307ffe70f8ffe3a4220c4946,audited_single_model_record_and_source_recovery
T48_012,6873,6802,0,0,0,6802,9e55e2c205c77c1c86fe2fb613290da529be48606157c9f240ce04c695580702,a0390a53077145c7733afe9c02bbf369b5056a21b4c1b37a6cc7baeceb3a74b9,audited_single_model_record_and_source_recovery,13498,6963,0,0,0,6963,e4e4b4273575bbe77ccdcc5c1a1d2bba21b627319e683b7c76eedd007eaaf0cd,a0390a53077145c7733afe9c02bbf369b5056a21b4c1b37a6cc7baeceb3a74b9,audited_single_model_record_and_source_recovery
T48_015,12534,12437,0,0,0,12437,9e55e2c205c77c1c86fe2fb613290da529be48606157c9f240ce04c695580702,b5b21bf0db4db90e20622933c071f08bfbb44e452545f67797d1f423dc2ee32e,audited_single_model_record_and_source_recovery,24735,12659,0,0,0,12659,e4e4b4273575bbe77ccdcc5c1a1d2bba21b627319e683b7c76eedd007eaaf0cd,b5b21bf0db4db90e20622933c071f08bfbb44e452545f67797d1f423dc2ee32e,audited_single_model_record_and_source_recovery
T48_016,14871,14764,0,0,0,14764,9e55e2c205c77c1c86fe2fb613290da529be48606157c9f240ce04c695580702,4126b75b7a03632ef24fe5205585010774fefe2ca95ec8696ca2ccb51abd6bb0,audited_single_model_record_and_source_recovery,29378,15005,0,0,0,15005,e4e4b4273575bbe77ccdcc5c1a1d2bba21b627319e683b7c76eedd007eaaf0cd,4126b75b7a03632ef24fe5205585010774fefe2ca95ec8696ca2ccb51abd6bb0,audited_single_model_record_and_source_recovery
T48_017,11492,11392,0,0,0,11392,ffc725dd65d53522ee6ad79b3197a81154845003661ed11561d3a6b686285696,4f23f4a47cfc7128ba90e75790085cb454de905ca0095d86824052298bce3968,audited_single_model_record_and_source_recovery,22766,11712,0,0,0,11712,c58032788adc82dc979ab67ce5723cefd65c6da1be1949ebeb0766d34da0ce83,4f23f4a47cfc7128ba90e75790085cb454de905ca0095d86824052298bce3968,audited_single_model_record_and_source_recovery
T48_020,9502,9415,0,0,0,9415,9e55e2c205c77c1c86fe2fb613290da529be48606157c9f240ce04c695580702,47aef926511454d731945e84ddb472f185c94a1ac6256b78807b0024f1dc3ee8,audited_single_model_record_and_source_recovery,18710,9606,0,0,0,9606,e4e4b4273575bbe77ccdcc5c1a1d2bba21b627319e683b7c76eedd007eaaf0cd,47aef926511454d731945e84ddb472f185c94a1ac6256b78807b0024f1dc3ee8,audited_single_model_record_and_source_recovery
T49_001,1053812,39700,0,0,0,39700,feb0b25be569fb7bbb8447f1b1a0512864a59329113c05955da750d17dbe7157,80e81b29173bd65152abcb8b690c859d96686d27bfd8356de301ef2d96148511,audited_single_model_record_and_source_recovery,1053812,1093412,0,0,0,1093412,58999ca0cc0dac8265421447352f29a907cccf50cc76022cebcd1ca4464e8550,80e81b29173bd65152abcb8b690c859d96686d27bfd8356de301ef2d96148511,audited_single_model_record_and_source_recovery
T49_002,41386,1690,0,0,0,1690,bb23a7f5647197bdc349c6f832c33dce8b18c76237af797c921f23d30e379a74,b30fb8d8009dbff0daf8caf3d335b88b81362ab1be1231787c9be210cd74797b,audited_single_model_record_and_source_recovery,41386,42986,0,0,0,42986,7bf4200e630dc9ebf6c972fd5edf846804ffcb3d536af752d4a383c355c29251,b30fb8d8009dbff0daf8caf3d335b88b81362ab1be1231787c9be210cd74797b,audited_single_model_record_and_source_recovery
T49_003,19424,1000,0,0,0,1000,f2503b649fd674fa264f6c30d7c5ea6a8dfe39d2cdbaf4822bbe80b1c0fbd0a8,7b8007af02f67f86a3dc2bc539b1911dcb4f288154c11e98f8ccbf56ec376a61,audited_single_model_record_and_source_recovery,19424,20324,0,0,0,20324,0908a564fdb10671a8dc0914b9fa3d58089c72fc2cf7b3f511a396047ec8aa04,7b8007af02f67f86a3dc2bc539b1911dcb4f288154c11e98f8ccbf56ec376a61,audited_single_model_record_and_source_recovery
T49_004,41386,1690,0,0,0,1690,bb23a7f5647197bdc349c6f832c33dce8b18c76237af797c921f23d30e379a74,327205ad193fec749ef77ca229f38043ae140547b52601c9044e165b656ce94f,audited_single_model_record_and_source_recovery,41386,42986,0,0,0,42986,7bf4200e630dc9ebf6c972fd5edf846804ffcb3d536af752d4a383c355c29251,327205ad193fec749ef77ca229f38043ae140547b52601c9044e165b656ce94f,audited_single_model_record_and_source_recovery
T49_005,5414,304,0,0,0,304,dc481045d96640b1f1190b4f5ff7a28c1c5533aac1caa2d963a7d143961c6231,0096f3b5f631185e351005c5af3d05731911e9b4ed6c04e07631864963270857,audited_single_model_record_and_source_recovery,5414,5644,0,0,0,5644,383677100f4ea8980dc87cfc0aa6649be9d6680d1610a8347e6284b7d726798f,0096f3b5f631185e351005c5af3d05731911e9b4ed6c04e07631864963270857,audited_single_model_record_and_source_recovery
T49_006,11225,564,0,0,0,564,0489617909423f522af082cdeac102b0fcf7334657938f9ab53c8e833d96b213,96e310cb827409840a3e6ea64125d597dbf053a318e244dc72e222f495621933,audited_single_model_record_and_source_recovery,11225,11705,0,0,0,11705,e027f3d865b33f6049ed671c5d5612c25728fdc41bed7fd87a9ba1d4fab0f1f8,96e310cb827409840a3e6ea64125d597dbf053a318e244dc72e222f495621933,audited_single_model_record_and_source_recovery
T49_007,11339,562,0,0,0,562,204ca33f4228dd06dd15bb2afd709afbf7b3b7b7cb9cf5a6544ef65d67e15c97,929925aa720240a5f91f9ea91230bda3d30b7725ab6789eee0988f2d4dde278f,audited_single_model_record_and_source_recovery,11339,11819,0,0,0,11819,76aacebd04990905856afaa6900dc7c7678ae659d215ff92971fe001825e3888,929925aa720240a5f91f9ea91230bda3d30b7725ab6789eee0988f2d4dde278f,audited_single_model_record_and_source_recovery
T49_008,4730,357,0,0,0,357,cb08f0a06ba1b0594e654420178e5ab1c380924daad60952ebd77778457fd909,71c37000828da1a2ab09cea299db36a1956d213234fb9aa5f0acac6f409e5a0b,audited_single_model_record_and_source_recovery,4730,5011,0,0,0,5011,6131d0ff20e2a400889fc1cf31fa1351389bb766fca01c66a0cb17230347cddf,71c37000828da1a2ab09cea299db36a1956d213234fb9aa5f0acac6f409e5a0b,audited_single_model_record_and_source_recovery
T49_009,16035,856,0,0,0,856,fc0164d95bfa5d53950df888517a516c7b13dbc2ea35f434d36da578369cb78a,833aae213fb1cda5edfc423aec37d24fee9757af29774960e5886153ec805156,audited_single_model_record_and_source_recovery,16035,16813,0,0,0,16813,ff70102fe37297a3c83543757ca7119c176db5f10c0b5713f3b2e794d9b71523,833aae213fb1cda5edfc423aec37d24fee9757af29774960e5886153ec805156,audited_single_model_record_and_source_recovery
T49_010,15377,808,0,0,0,808,9d15edea39fba8514ee0cc560f4e2be4007b18965710eec51051c5131d5c30d2,682e86b946e71cc7d5259d9ea011c4fd7ae2bf0578439a1a6319b21344ca0fcf,audited_single_model_record_and_source_recovery,15377,16106,0,0,0,16106,43ed34762ad67e6fb8c9444dfae95ce057973b5545686ef343cb163adebb538d,682e86b946e71cc7d5259d9ea011c4fd7ae2bf0578439a1a6319b21344ca0fcf,audited_single_model_record_and_source_recovery
T49_011,18723,966,0,0,0,966,b7aa2b690a6a2dc06d5aee4c3985ccb72e1d01665e97a5d770f1f23091443dab,1fa2bf0495fa15f8c43f37542e4f6cc812cdf5a09390caac9b8cc3c99f1bd507,audited_single_model_record_and_source_recovery,18723,19614,0,0,0,19614,c8a86aa27979e5ed31c17fd1d61478e93e735f977cfba36fda5e7e2eedc4f096,1fa2bf0495fa15f8c43f37542e4f6cc812cdf5a09390caac9b8cc3c99f1bd507,audited_single_model_record_and_source_recovery
T49_012,9359,568,0,0,0,568,8349120ffb775f20e7a52a9bb76e3cc22e180c5ad9b9388bb524d83a6b7800cf,6ada8cf36f0cc8ec7b6110d6c235433e02fe610d70b6e4b8159298250e47299c,audited_single_model_record_and_source_recovery,9359,9850,0,0,0,9850,292011b9c059d19e4c9b9c30ea61c67420c3e6e43543ef6dc106f3cf64575094,6ada8cf36f0cc8ec7b6110d6c235433e02fe610d70b6e4b8159298250e47299c,audited_single_model_record_and_source_recovery
T49_013,11161,636,0,0,0,636,1b66ad5b5775b469475c64caf5c0d2ba62969630dfe4aef27bd050959fb93bd6,0a0d7f9c230892121fe45b74a62e8f2827a871eb40b6895e53ab27e50bcd25fb,audited_single_model_record_and_source_recovery,11161,11719,0,0,0,11719,298f27426f89707917eeed4910a0df282c1e3239621743233d3d0a2d6d11b2d7,0a0d7f9c230892121fe45b74a62e8f2827a871eb40b6895e53ab27e50bcd25fb,audited_single_model_record_and_source_recovery
T49_014,18687,994,0,0,0,994,a4e94a2375ab12cb4f96c9c5868b8e79265ca3e230428b8d057107427fa4727e,711ec7d3f10ad3b0758f20837b690d23ab8b5dc350cf26f3ef805be0d33c534b,audited_single_model_record_and_source_recovery,18687,19602,0,0,0,19602,55427b5a0dc1afbd2b383376c2cc3a90a4706ee6f4bc57705f20ea1022a5a2d0,711ec7d3f10ad3b0758f20837b690d23ab8b5dc350cf26f3ef805be0d33c534b,audited_single_model_record_and_source_recovery
T49_015,11358,700,0,0,0,700,9a92562ef9fc670c31dd71d49d954e59756d566702cca82d365b7baf954f70a4,b824304bfe57310182b273f753eafb9de1d3fae160afa1f6a1bb5efbdaf315f5,audited_single_model_record_and_source_recovery,11358,11980,0,0,0,11980,cdbe4531929b3f6290526bc21bc1d537b32c3d1a944d3d19fb4243d372895ed3,b824304bfe57310182b273f753eafb9de1d3fae160afa1f6a1bb5efbdaf315f5,audited_single_model_record_and_source_recovery
T49_016,9488,572,0,0,0,572,8372df1e727c129612f4d7c9b3e2ad5d1f492e6f50df1dda173a2362b9bcbf95,6e23807fef4a0679d8262eaf6cea1729b448860e58eb7d20e9d26eca31021b78,audited_single_model_record_and_source_recovery,9488,9982,0,0,0,9982,6bd9a4180741e993625580d7e3e69e61095c90cc3e65a621d133de9589aff23d,6e23807fef4a0679d8262eaf6cea1729b448860e58eb7d20e9d26eca31021b78,audited_single_model_record_and_source_recovery
T49_017,11165,636,0,0,0,636,9c76ada7c6aa391ba376ff6a05ffeb3ac0594a205480bd24c59cf1839fe9bd0c,e53c3b8c4cd206a8c6b30d69ad1d67434ecaa80f0e3ebd6628dcae0c4060f74c,audited_single_model_record_and_source_recovery,11165,11723,0,0,0,11723,3a9efa76a458a69717f35d4d95a5229a669ce7c3fc94c8a3ba925182dd8d4b14,e53c3b8c4cd206a8c6b30d69ad1d67434ecaa80f0e3ebd6628dcae0c4060f74c,audited_single_model_record_and_source_recovery
T49_018,9496,608,0,0,0,608,977cd6cf9d42a90918cf70ad4b15c5405c5ac264ef06110c53c9bf89ec5fe986,fd705b99f8d48ced3c1bd30f388f3a0be1f9010082762b347fdb25f659eb8fe8,audited_single_model_record_and_source_recovery,9496,10026,0,0,0,10026,d4f9f6b2949b151d1a90559d24a99c2a6c12c6fa0fa0100c4024d5272fa6edf2,fd705b99f8d48ced3c1bd30f388f3a0be1f9010082762b347fdb25f659eb8fe8,audited_single_model_record_and_source_recovery
T49_019,4711,364,0,0,0,364,7dff0c24fa9623830283236499e4944c3610bb0f62393a343cdd5f14cc736d53,8cbb00a3002296bebba2ddc9dc3b5d4d80d63d11abac2cc395074ac1b5d49f8f,audited_single_model_record_and_source_recovery,4711,4997,0,0,0,4997,6a98b9cb54ffd6583f8c4dbdc7651a3e8f8cd3cb0ea2007d2f5f8f38bac84b3a,8cbb00a3002296bebba2ddc9dc3b5d4d80d63d11abac2cc395074ac1b5d49f8f,audited_single_model_record_and_source_recovery
T49_020,9460,572,0,0,0,572,b061dfb4307d325df9e024cd296040d57d9f9923d7a0997028f1e11a07626eda,a24498c09bff048d7956ed0b82a4f29b851187bcc3968014599bee1946116b03,audited_single_model_record_and_source_recovery,9460,9954,0,0,0,9954,7d4fd2a3075c3e68688f402b8eef171424b7c61b2b0086841df68099b0b0dca2,a24498c09bff048d7956ed0b82a4f29b851187bcc3968014599bee1946116b03,audited_single_model_record_and_source_recovery
T49_021,18922,988,0,0,0,988,bd7a42335f795e72f5b158d9105cfc0a4f3032be09d553605704ecb3be1777b4,5c2222cdd202b3725d0a2d1ef7ab396dfe68a98d0f72ca9c5678abe081f4bdd2,audited_single_model_record_and_source_recovery,18922,19832,0,0,0,19832,c2ff2652361dfdde473da58854ece564d496cb4570da900f79f932f8da6280fd,5c2222cdd202b3725d0a2d1ef7ab396dfe68a98d0f72ca9c5678abe081f4bdd2,audited_single_model_record_and_source_recovery
T49_022,241866,42986,0,0,0,42986,f73d50cc72c7274e6b28b02d183842a66f036b91fcb58bb2be9abb06f5b00328,fed3dacdc489e6b13e38281e592977334beddc743d8f50d0bc6124c798fee3f5,audited_single_model_record_and_source_recovery,241866,281866,0,0,0,281866,93ec9d2f3e9bea52beb5141c538fba4de64b19dee2d9e1e892ce2c6ffdb4e1a9,fed3dacdc489e6b13e38281e592977334beddc743d8f50d0bc6124c798fee3f5,audited_single_model_record_and_source_recovery
T49_023,39760,37017,0,0,0,37017,3c06f7be2a3e8b99c6bb3835e7c85d04f663983cf446531d78983e4a14339467,23b58045ffc8ed8889e96732196f45032b40db2991d6d34f7b1650183a0f14da,audited_single_model_record_and_source_recovery,39760,37017,0,0,0,37017,fe695eaf1c3b76846f72a503739cb6a6c6e644bcd0a9ed351b3585ed49beb01c,23b58045ffc8ed8889e96732196f45032b40db2991d6d34f7b1650183a0f14da,audited_single_model_record_and_source_recovery
